county,median_price
Autauga County,"$211,320 "
Baldwin County,"$349,670 "
Barbour County,"$122,340 "
Bibb County,"$139,800 "
Blount County,"$187,620 "
Bullock County,"$99,240 "
Butler County,"$127,810 "
Calhoun County,"$184,640 "
Chambers County,"$146,270 "
Cherokee County,"$192,740 "
Chilton County,"$159,360 "
Choctaw County,"$109,080 "
Clarke County,"$155,420 "
Clay County,"$167,320 "
Cleburne County,"$159,250 "
Coffee County,"$215,570 "
Colbert County,"$191,230 "
Conecuh County,"$113,190 "
Coosa County,"$131,090 "
Covington County,"$152,960 "
Crenshaw County,"$117,290 "
Cullman County,"$226,780 "
Dale County,"$154,330 "
Dallas County,"$116,740 "
DeKalb County,"$151,870 "
Elmore County,"$248,090 "
Escambia County,"$147,910 "
Etowah County,"$188,330 "
Fayette County,"$134,510 "
Franklin County,"$146,540 "
Geneva County,"$164,470 "
Greene County,"$100,520 "
Hale County,"$112,290 "
Henry County,"$175,170 "
Houston County,"$221,820 "
Jackson County,"$156,110 "
Jefferson County,"$259,350 "
Lamar County,"$139,570 "
Lauderdale County,"$258,470 "
Lawrence County,"$183,850 "
Lee County,"$293,570 "
Limestone County,"$320,750 "
Lowndes County,"$99,570 "
Macon County,"$115,240 "
Madison County,"$365,380 "
Marengo County,"$122,340 "
Marion County,"$121,800 "
Marshall County,"$214,070 "
Mobile County,"$214,500 "
Monroe County,"$141,750 "
Montgomery County,"$186,970 "
Morgan County,"$251,300 "
Perry County,"$101,700 "
Pickens County,"$143,670 "
Pike County,"$178,940 "
Randolph County,"$169,780 "
Russell County,"$181,230 "
St. Clair County,"$262,880 "
Shelby County,"$379,720 "
Sumter County,"$95,410 "
Talladega County,"$141,340 "
Tallapoosa County,"$152,960 "
Tuscaloosa County,"$267,880 "
Walker County,"$157,860 "
Washington County,"$152,550 "
Wilcox County,"$99,520 "
Winston County,"$143,530 "
Aleutians East Borough,"$200,490 "
Aleutians West Census Area,"$452,870 "
Anchorage Municipality,"$433,050 "
Bethel Census Area,"$142,330 "
Bristol Bay Borough,"$325,570 "
Denali Borough,"$283,270 "
Dillingham Census Area,"$216,910 "
Fairbanks North Star Borough,"$323,630 "
Haines Borough,"$356,590 "
Juneau City and Borough,"$498,370 "
Kenai Peninsula Borough,"$346,580 "
Ketchikan Gateway Borough,"$438,540 "
Kodiak Island Borough,"$432,840 "
Lake and Peninsula Borough,"$161,950 "
Matanuska-Susitna Borough,"$360,380 "
Nome Census Area,"$211,340 "
North Slope Borough,"$241,390 "
Northwest Arctic Borough,"$181,850 "
Sitka City and Borough,"$511,730 "
Southeast Fairbanks Census Area,"$267,550 "
Yakutat City and Borough,"$233,880 "
Yukon-Koyukuk Census Area,"$107,690 "
Apache County,"$100,100 "
Cochise County,"$257,230 "
Coconino County,"$567,380 "
Gila County,"$280,310 "
Graham County,"$221,070 "
Greenlee County,"$136,110 "
La Paz County,"$153,310 "
Maricopa County,"$549,130 "
Mohave County,"$332,190 "
Navajo County,"$236,800 "
Pima County,"$374,640 "
Pinal County,"$436,300 "
Santa Cruz County,"$243,260 "
Yavapai County,"$512,040 "
Yuma County,"$245,050 "
Arkansas County,"$162,730 "
Ashley County,"$111,290 "
Baxter County,"$197,360 "
Benton County,"$382,170 "
Boone County,"$190,230 "
Bradley County,"$112,000 "
Calhoun County,"$108,150 "
Carroll County,"$220,010 "
Chicot County,"$101,030 "
Clark County,"$171,850 "
Clay County,"$108,010 "
Cleburne County,"$198,350 "
Columbia County,"$151,470 "
Conway County,"$166,430 "
Craighead County,"$227,870 "
Crawford County,"$184,180 "
Crittenden County,"$176,720 "
Cross County,"$121,550 "
Dallas County,"$111,290 "
Desha County,"$120,840 "
Drew County,"$148,050 "
Faulkner County,"$271,670 "
Franklin County,"$139,820 "
Fulton County,"$125,540 "
Garland County,"$229,360 "
Grant County,"$165,930 "
Greene County,"$194,790 "
Hempstead County,"$132,520 "
Hot Spring County,"$145,770 "
Howard County,"$153,330 "
Independence County,"$142,640 "
Izard County,"$125,250 "
Jackson County,"$107,300 "
Johnson County,"$154,320 "
Lafayette County,"$86,640 "
Lawrence County,"$108,150 "
Lee County,"$107,300 "
Little River County,"$123,540 "
Logan County,"$151,620 "
Lonoke County,"$221,190 "
Madison County,"$187,610 "
Marion County,"$198,350 "
Miller County,"$151,240 "
Mississippi County,"$137,080 "
Monroe County,"$106,300 "
Montgomery County,"$166,430 "
Nevada County,"$101,310 "
Newton County,"$209,750 "
Ouachita County,"$112,290 "
Perry County,"$156,230 "
Phillips County,"$104,590 "
Pike County,"$123,830 "
Poinsett County,"$105,330 "
Polk County,"$154,040 "
Pope County,"$188,660 "
Prairie County,"$114,280 "
Pulaski County,"$236,600 "
Randolph County,"$137,510 "
St. Francis County,"$97,040 "
Saline County,"$262,770 "
Scott County,"$117,130 "
Searcy County,"$144,630 "
Sebastian County,"$205,320 "
Sevier County,"$134,230 "
Sharp County,"$109,720 "
Stone County,"$173,270 "
Union County,"$127,110 "
Van Buren County,"$151,900 "
Washington County,"$368,730 "
White County,"$214,880 "
Woodruff County,"$109,440 "
Yell County,"$159,740 "
Alameda County,"$1,158,980 "
Alpine County,"$450,690 "
Amador County,"$416,490 "
Butte County,"$427,620 "
Calaveras County,"$422,570 "
Colusa County,"$358,100 "
Contra Costa County,"$941,390 "
Del Norte County,"$283,260 "
El Dorado County,"$764,430 "
Fresno County,"$440,130 "
Glenn County,"$312,930 "
Humboldt County,"$446,280 "
Imperial County,"$342,360 "
Inyo County,"$347,250 "
Kern County,"$383,180 "
Kings County,"$384,330 "
Lake County,"$349,880 "
Lassen County,"$251,800 "
Los Angeles County,"$948,880 "
Madera County,"$481,490 "
Marin County,"$1,584,980 "
Mariposa County,"$360,600 "
Mendocino County,"$500,030 "
Merced County,"$463,340 "
Modoc County,"$181,610 "
Mono County,"$464,870 "
Monterey County,"$877,380 "
Napa County,"$946,580 "
Nevada County,"$685,570 "
Orange County,"$1,096,420 "
Placer County,"$787,530 "
Plumas County,"$320,440 "
Riverside County,"$646,690 "
Sacramento County,"$585,720 "
San Benito County,"$893,010 "
San Bernardino County,"$606,950 "
San Diego County,"$1,023,450 "
San Francisco County,"$1,575,700 "
San Joaquin County,"$584,170 "
San Luis Obispo County,"$937,390 "
San Mateo County,"$1,701,860 "
Santa Barbara County,"$964,030 "
Santa Clara County,"$1,664,410 "
Santa Cruz County,"$1,128,000 "
Shasta County,"$411,090 "
Sierra County,"$275,750 "
Siskiyou County,"$273,610 "
Solano County,"$668,950 "
Sonoma County,"$853,750 "
Stanislaus County,"$509,510 "
Sutter County,"$463,040 "
Tehama County,"$324,970 "
Trinity County,"$358,460 "
Tulare County,"$374,100 "
Tuolumne County,"$397,420 "
Ventura County,"$904,670 "
Yolo County,"$671,310 "
Yuba County,"$472,590 "
Adams County,"$556,660 "
Alamosa County,"$226,090 "
Arapahoe County,"$631,250 "
Archuleta County,"$502,360 "
Baca County,"$166,190 "
Bent County,"$125,310 "
Boulder County,"$870,200 "
Broomfield County,"$755,410 "
Chaffee County,"$586,510 "
Cheyenne County,"$222,000 "
Clear Creek County,"$618,010 "
Conejos County,"$182,680 "
Costilla County,"$173,370 "
Crowley County,"$100,360 "
Custer County,"$370,290 "
Delta County,"$378,320 "
Denver County,"$709,920 "
Dolores County,"$255,690 "
Douglas County,"$826,460 "
Eagle County,"$902,670 "
Elbert County,"$706,380 "
El Paso County,"$514,820 "
Fremont County,"$306,580 "
Garfield County,"$540,700 "
Gilpin County,"$539,480 "
Grand County,"$528,300 "
Gunnison County,"$614,280 "
Hinsdale County,"$477,270 "
Huerfano County,"$272,320 "
Jackson County,"$337,020 "
Jefferson County,"$718,700 "
Kiowa County,"$148,710 "
Kit Carson County,"$227,080 "
Lake County,"$370,430 "
La Plata County,"$606,390 "
Larimer County,"$651,030 "
Las Animas County,"$236,950 "
Lincoln County,"$231,020 "
Logan County,"$249,630 "
Mesa County,"$459,320 "
Mineral County,"$499,540 "
Moffat County,"$284,310 "
Montezuma County,"$343,220 "
Montrose County,"$373,390 "
Morgan County,"$338,010 "
Otero County,"$151,530 "
Ouray County,"$744,240 "
Park County,"$518,900 "
Phillips County,"$300,800 "
Pitkin County,"$1,029,390 "
Prowers County,"$152,800 "
Pueblo County,"$326,260 "
Rio Blanco County,"$310,240 "
Rio Grande County,"$254,560 "
Routt County,"$804,290 "
Saguache County,"$226,940 "
San Juan County,"$465,150 "
San Miguel County,"$675,880 "
Sedgwick County,"$164,490 "
Summit County,"$904,790 "
Teller County,"$425,540 "
Washington County,"$243,850 "
Weld County,"$541,830 "
Yuma County,"$259,920 "
Fairfield County,"$650,290 "
Hartford County,"$370,980 "
Litchfield County,"$407,600 "
Middlesex County,"$425,710 "
New Haven County,"$392,780 "
New London County,"$395,890 "
Tolland County,"$389,000 "
Windham County,"$325,560 "
Kent County,"$383,560 "
New Castle County,"$373,150 "
District of Columbia,"$828,250 "
Alachua County,"$372,180 "
Baker County,"$256,490 "
Bay County,"$339,250 "
Bradford County,"$187,750 "
Brevard County,"$402,940 "
Broward County,"$559,120 "
Calhoun County,"$151,940 "
Charlotte County,"$400,110 "
Citrus County,"$304,180 "
Clay County,"$395,680 "
Collier County,"$666,400 "
Columbia County,"$256,130 "
DeSoto County,"$165,940 "
Dixie County,"$124,680 "
Duval County,"$367,550 "
Escambia County,"$311,430 "
Franklin County,"$292,530 "
Gadsden County,"$149,970 "
Gilchrist County,"$209,230 "
Glades County,"$116,420 "
Gulf County,"$281,040 "
Hamilton County,"$128,210 "
Hardee County,"$148,990 "
Hendry County,"$172,280 "
Hernando County,"$343,270 "
Highlands County,"$242,430 "
Hillsborough County,"$464,180 "
Holmes County,"$125,270 "
Indian River County,"$424,130 "
Jackson County,"$154,450 "
Jefferson County,"$217,850 "
Lafayette County,"$150,910 "
Lake County,"$381,160 "
Lee County,"$437,540 "
Leon County,"$353,760 "
Levy County,"$191,880 "
Liberty County,"$151,060 "
Madison County,"$131,160 "
Manatee County,"$488,170 "
Marion County,"$298,320 "
Martin County,"$513,490 "
Miami-Dade County,"$605,330 "
Monroe County,"$974,720 "
Nassau County,"$469,670 "
Okaloosa County,"$412,820 "
Okeechobee County,"$185,250 "
Orange County,"$472,180 "
Osceola County,"$420,050 "
Palm Beach County,"$586,430 "
Pasco County,"$363,680 "
Pinellas County,"$451,810 "
Polk County,"$323,610 "
Putnam County,"$168,300 "
St. Johns County,"$599,480 "
St. Lucie County,"$412,040 "
Santa Rosa County,"$410,510 "
Sarasota County,"$521,010 "
Seminole County,"$483,080 "
Sumter County,"$476,310 "
Suwannee County,"$174,050 "
Taylor County,"$118,190 "
Union County,"$179,790 "
Volusia County,"$365,730 "
Wakulla County,"$259,040 "
Walton County,"$575,050 "
Washington County,"$184,070 "
Appling County,"$123,420 "
Atkinson County,"$92,570 "
Bacon County,"$130,840 "
Baker County,"$141,090 "
Baldwin County,"$192,990 "
Banks County,"$261,530 "
Barrow County,"$343,620 "
Bartow County,"$328,310 "
Ben Hill County,"$127,720 "
Berrien County,"$153,830 "
Bibb County,"$210,940 "
Bleckley County,"$157,980 "
Brantley County,"$126,010 "
Brooks County,"$145,180 "
Bryan County,"$387,500 "
Bulloch County,"$253,810 "
Burke County,"$122,090 "
Butts County,"$248,110 "
Calhoun County,"$85,740 "
Camden County,"$270,720 "
Candler County,"$140,480 "
Carroll County,"$311,390 "
Catoosa County,"$344,680 "
Charlton County,"$141,820 "
Chatham County,"$376,050 "
Chattahoochee County,"$155,100 "
Chattooga County,"$108,730 "
Cherokee County,"$527,270 "
Clarke County,"$358,160 "
Clay County,"$90,340 "
Clayton County,"$254,880 "
Clinch County,"$106,060 "
Cobb County,"$503,580 "
Coffee County,"$160,060 "
Colquitt County,"$143,450 "
Columbia County,"$358,430 "
Cook County,"$162,580 "
Coweta County,"$432,360 "
Crawford County,"$197,800 "
Crisp County,"$144,340 "
Dade County,"$201,900 "
Dawson County,"$391,450 "
Decatur County,"$179,350 "
DeKalb County,"$438,540 "
Dodge County,"$141,520 "
Dooly County,"$118,970 "
Dougherty County,"$149,300 "
Douglas County,"$357,450 "
Early County,"$175,930 "
Echols County,"$106,860 "
Effingham County,"$360,000 "
Elbert County,"$136,480 "
Emanuel County,"$114,370 "
Evans County,"$164,220 "
Fannin County,"$322,790 "
Fayette County,"$533,460 "
Floyd County,"$280,110 "
Forsyth County,"$653,390 "
Franklin County,"$193,880 "
Fulton County,"$571,420 "
Gilmer County,"$321,310 "
Glascock County,"$148,640 "
Glynn County,"$368,200 "
Gordon County,"$230,820 "
Grady County,"$191,360 "
Greene County,"$371,890 "
Gwinnett County,"$451,930 "
Habersham County,"$237,790 "
Hall County,"$425,390 "
Hancock County,"$123,870 "
Haralson County,"$226,040 "
Harris County,"$331,050 "
Hart County,"$233,790 "
Heard County,"$171,000 "
Henry County,"$367,750 "
Houston County,"$245,640 "
Irwin County,"$126,540 "
Jackson County,"$451,410 "
Jasper County,"$226,330 "
Jeff Davis County,"$132,770 "
Jefferson County,"$131,730 "
Jenkins County,"$113,630 "
Johnson County,"$113,330 "
Jones County,"$193,200 "
Lamar County,"$230,750 "
Lanier County,"$172,780 "
Laurens County,"$162,430 "
Lee County,"$244,040 "
Liberty County,"$248,100 "
Lincoln County,"$213,460 "
Long County,"$210,310 "
Lowndes County,"$238,020 "
Lumpkin County,"$321,160 "
McDuffie County,"$164,810 "
McIntosh County,"$228,510 "
Macon County,"$99,980 "
Madison County,"$235,460 "
Marion County,"$133,980 "
Meriwether County,"$165,110 "
Miller County,"$157,390 "
Mitchell County,"$131,730 "
Monroe County,"$242,070 "
Montgomery County,"$138,700 "
Morgan County,"$356,470 "
Murray County,"$192,120 "
Muscogee County,"$237,520 "
Newton County,"$290,050 "
Oconee County,"$497,000 "
Oglethorpe County,"$219,630 "
Paulding County,"$381,590 "
Peach County,"$218,950 "
Pickens County,"$323,900 "
Pierce County,"$153,090 "
Pike County,"$297,560 "
Polk County,"$196,410 "
Pulaski County,"$155,610 "
Putnam County,"$257,670 "
Quitman County,"$88,410 "
Rabun County,"$283,040 "
Randolph County,"$117,640 "
Richmond County,"$178,610 "
Rockdale County,"$339,200 "
Schley County,"$196,410 "
Screven County,"$147,160 "
Seminole County,"$140,330 "
Spalding County,"$255,910 "
Stephens County,"$188,690 "
Stewart County,"$71,800 "
Sumter County,"$173,410 "
Talbot County,"$147,160 "
Taliaferro County,"$96,870 "
Tattnall County,"$138,850 "
Taylor County,"$129,500 "
Telfair County,"$102,500 "
Terrell County,"$127,560 "
Thomas County,"$235,720 "
Tift County,"$194,920 "
Toombs County,"$152,200 "
Towns County,"$360,470 "
Treutlen County,"$112,590 "
Troup County,"$242,840 "
Turner County,"$113,780 "
Twiggs County,"$98,970 "
Union County,"$320,120 "
Upson County,"$170,740 "
Walker County,"$224,300 "
Walton County,"$403,810 "
Ware County,"$130,100 "
Warren County,"$104,580 "
Washington County,"$145,970 "
Wayne County,"$180,530 "
Webster County,"$108,290 "
Wheeler County,"$100,280 "
White County,"$295,050 "
Whitfield County,"$252,430 "
Wilcox County,"$94,050 "
Wilkes County,"$118,380 "
Wilkinson County,"$114,220 "
Worth County,"$129,340 "
Hawaii County,"$689,700 "
Honolulu County,"$1,007,420 "
Kauai County,"$1,013,980 "
Maui County,"$1,085,900 "
Ada County,"$598,950 "
Adams County,"$365,400 "
Bannock County,"$369,240 "
Bear Lake County,"$239,130 "
Benewah County,"$293,760 "
Bingham County,"$284,500 "
Blaine County,"$757,380 "
Boise County,"$359,940 "
Bonner County,"$461,080 "
Bonneville County,"$445,550 "
Boundary County,"$391,530 "
Butte County,"$242,260 "
Camas County,"$258,530 "
Canyon County,"$459,270 "
Caribou County,"$240,020 "
Cassia County,"$274,500 "
Clark County,"$178,970 "
Clearwater County,"$265,250 "
Custer County,"$330,180 "
Elmore County,"$264,650 "
Franklin County,"$326,320 "
Fremont County,"$310,770 "
Gem County,"$296,180 "
Gooding County,"$243,900 "
Idaho County,"$317,940 "
Jefferson County,"$324,920 "
Jerome County,"$309,130 "
Kootenai County,"$602,760 "
Latah County,"$390,330 "
Lemhi County,"$325,250 "
Lewis County,"$234,350 "
Lincoln County,"$233,900 "
Madison County,"$388,990 "
Minidoka County,"$254,500 "
Nez Perce County,"$298,770 "
Oneida County,"$287,790 "
Owyhee County,"$257,380 "
Payette County,"$300,920 "
Power County,"$233,510 "
Shoshone County,"$211,660 "
Teton County,"$575,420 "
Twin Falls County,"$459,590 "
Valley County,"$530,790 "
Washington County,"$255,690 "
Adams County,"$173,230 "
Alexander County,"$78,310 "
Bond County,"$156,070 "
Boone County,"$230,760 "
Brown County,"$136,780 "
Bureau County,"$140,000 "
Calhoun County,"$195,680 "
Carroll County,"$129,700 "
Cass County,"$107,420 "
Champaign County,"$248,720 "
Christian County,"$123,770 "
Clark County,"$131,630 "
Clay County,"$120,680 "
Clinton County,"$200,530 "
Coles County,"$132,920 "
Cook County,"$373,580 "
Crawford County,"$124,160 "
Cumberland County,"$138,970 "
DeKalb County,"$276,280 "
De Witt County,"$141,420 "
Douglas County,"$154,300 "
DuPage County,"$456,160 "
Edgar County,"$107,670 "
Edwards County,"$109,220 "
Effingham County,"$203,500 "
Fayette County,"$123,130 "
Ford County,"$137,320 "
Franklin County,"$102,010 "
Fulton County,"$116,950 "
Gallatin County,"$98,660 "
Greene County,"$108,450 "
Grundy County,"$276,540 "
Hamilton County,"$120,680 "
Hancock County,"$120,170 "
Hardin County,"$100,070 "
Henderson County,"$113,470 "
Henry County,"$162,080 "
Iroquois County,"$143,870 "
Jackson County,"$145,150 "
Jasper County,"$129,310 "
Jefferson County,"$131,630 "
Jersey County,"$192,660 "
Jo Daviess County,"$205,170 "
Johnson County,"$157,520 "
Kane County,"$364,460 "
Kankakee County,"$219,230 "
Kendall County,"$358,210 "
Knox County,"$111,150 "
Lake County,"$388,560 "
LaSalle County,"$183,410 "
Lawrence County,"$104,970 "
Lee County,"$164,470 "
Livingston County,"$147,990 "
Logan County,"$143,610 "
McDonough County,"$114,630 "
McHenry County,"$335,670 "
McLean County,"$256,860 "
Macon County,"$148,080 "
Macoupin County,"$136,140 "
Madison County,"$198,170 "
Marion County,"$107,800 "
Marshall County,"$140,710 "
Mason County,"$111,020 "
Massac County,"$121,070 "
Menard County,"$199,310 "
Mercer County,"$150,200 "
Monroe County,"$296,800 "
Montgomery County,"$118,880 "
Morgan County,"$141,680 "
Moultrie County,"$139,230 "
Ogle County,"$201,180 "
Peoria County,"$170,170 "
Perry County,"$110,510 "
Piatt County,"$206,240 "
Pike County,"$114,110 "
Pope County,"$147,340 "
Pulaski County,"$84,360 "
Putnam County,"$178,510 "
Randolph County,"$147,340 "
Richland County,"$115,920 "
Rock Island County,"$163,380 "
St. Clair County,"$206,700 "
Saline County,"$104,320 "
Sangamon County,"$199,440 "
Schuyler County,"$130,860 "
Scott County,"$117,850 "
Shelby County,"$137,550 "
Stark County,"$109,860 "
Stephenson County,"$133,820 "
Tazewell County,"$193,300 "
Union County,"$141,030 "
Vermilion County,"$98,380 "
Wabash County,"$107,290 "
Warren County,"$112,570 "
Washington County,"$159,060 "
Wayne County,"$121,200 "
White County,"$107,030 "
Whiteside County,"$141,160 "
Will County,"$354,690 "
Williamson County,"$174,130 "
Winnebago County,"$201,910 "
Woodford County,"$217,450 "
Adams County,"$200,450 "
Allen County,"$257,610 "
Bartholomew County,"$258,790 "
Benton County,"$153,460 "
Blackford County,"$111,700 "
Boone County,"$452,780 "
Brown County,"$281,460 "
Carroll County,"$198,350 "
Cass County,"$132,160 "
Clark County,"$248,410 "
Clay County,"$145,050 "
Clinton County,"$174,740 "
Crawford County,"$132,160 "
Daviess County,"$215,660 "
Dearborn County,"$250,390 "
Decatur County,"$205,430 "
DeKalb County,"$186,910 "
Delaware County,"$153,780 "
Dubois County,"$233,350 "
Elkhart County,"$242,720 "
Fayette County,"$122,210 "
Floyd County,"$268,720 "
Fountain County,"$154,000 "
Franklin County,"$240,740 "
Fulton County,"$166,310 "
Gibson County,"$178,590 "
Grant County,"$150,550 "
Greene County,"$139,760 "
Hamilton County,"$462,110 "
Hancock County,"$324,120 "
Harrison County,"$223,470 "
Hendricks County,"$363,490 "
Henry County,"$150,410 "
Howard County,"$217,660 "
Huntington County,"$156,630 "
Jackson County,"$190,640 "
Jasper County,"$214,530 "
Jay County,"$132,850 "
Jefferson County,"$205,840 "
Jennings County,"$160,780 "
Johnson County,"$315,750 "
Knox County,"$147,640 "
Kosciusko County,"$249,110 "
LaGrange County,"$288,380 "
Lake County,"$261,950 "
LaPorte County,"$229,220 "
Lawrence County,"$172,110 "
Marion County,"$255,810 "
Marshall County,"$207,640 "
Martin County,"$179,720 "
Miami County,"$135,340 "
Monroe County,"$303,510 "
Montgomery County,"$189,120 "
Morgan County,"$265,140 "
Newton County,"$161,650 "
Noble County,"$199,070 "
Ohio County,"$233,050 "
Orange County,"$149,300 "
Owen County,"$176,340 "
Parke County,"$142,940 "
Perry County,"$163,820 "
Pike County,"$152,900 "
Porter County,"$334,890 "
Posey County,"$216,930 "
Pulaski County,"$158,150 "
Putnam County,"$211,920 "
Randolph County,"$120,960 "
Ripley County,"$224,920 "
Rush County,"$172,530 "
St. Joseph County,"$221,620 "
Scott County,"$161,880 "
Shelby County,"$196,560 "
Spencer County,"$199,210 "
Starke County,"$163,960 "
Steuben County,"$225,060 "
Sullivan County,"$125,330 "
Switzerland County,"$179,030 "
Tippecanoe County,"$287,410 "
Tipton County,"$192,160 "
Union County,"$173,080 "
Vanderburgh County,"$203,670 "
Vermillion County,"$118,010 "
Vigo County,"$174,350 "
Wabash County,"$162,710 "
Warren County,"$168,520 "
Warrick County,"$237,940 "
Washington County,"$173,340 "
Wayne County,"$166,580 "
Wells County,"$210,590 "
White County,"$177,090 "
Whitley County,"$246,040 "
Adair County,"$148,580 "
Adams County,"$117,590 "
Allamakee County,"$188,840 "
Appanoose County,"$121,570 "
Audubon County,"$117,460 "
Benton County,"$215,470 "
Black Hawk County,"$216,200 "
Boone County,"$200,490 "
Bremer County,"$229,000 "
Buchanan County,"$194,530 "
Buena Vista County,"$167,250 "
Butler County,"$169,110 "
Calhoun County,"$117,730 "
Carroll County,"$190,300 "
Cass County,"$149,510 "
Cedar County,"$221,810 "
Cerro Gordo County,"$176,660 "
Cherokee County,"$159,970 "
Chickasaw County,"$175,990 "
Clarke County,"$165,930 "
Clay County,"$177,450 "
Clayton County,"$180,100 "
Clinton County,"$170,700 "
Crawford County,"$134,010 "
Dallas County,"$373,190 "
Davis County,"$164,870 "
Decatur County,"$116,400 "
Delaware County,"$193,870 "
Des Moines County,"$158,650 "
Dickinson County,"$280,340 "
Dubuque County,"$261,740 "
Emmet County,"$120,510 "
Fayette County,"$144,610 "
Floyd County,"$143,550 "
Franklin County,"$124,740 "
Fremont County,"$155,600 "
Greene County,"$131,500 "
Grundy County,"$195,620 "
Guthrie County,"$181,910 "
Hamilton County,"$139,840 "
Hancock County,"$131,900 "
Hardin County,"$128,720 "
Harrison County,"$174,020 "
Henry County,"$167,390 "
Howard County,"$150,700 "
Humboldt County,"$150,700 "
Ida County,"$125,800 "
Iowa County,"$206,450 "
Jackson County,"$183,540 "
Jasper County,"$188,710 "
Jefferson County,"$158,250 "
Johnson County,"$367,380 "
Jones County,"$189,910 "
Keokuk County,"$129,380 "
Kossuth County,"$149,510 "
Lee County,"$136,130 "
Linn County,"$239,470 "
Louisa County,"$155,730 "
Lucas County,"$126,600 "
Lyon County,"$222,340 "
Madison County,"$255,340 "
Mahaska County,"$157,060 "
Marion County,"$216,520 "
Marshall County,"$141,560 "
Mills County,"$259,130 "
Mitchell County,"$165,000 "
Monona County,"$131,500 "
Monroe County,"$152,290 "
Montgomery County,"$116,800 "
Muscatine County,"$190,830 "
O'Brien County,"$162,750 "
Osceola County,"$138,250 "
Page County,"$127,390 "
Palo Alto County,"$146,730 "
Plymouth County,"$234,130 "
Pocahontas County,"$111,110 "
Polk County,"$298,970 "
Pottawattamie County,"$249,600 "
Poweshiek County,"$203,140 "
Ringgold County,"$147,390 "
Sac County,"$137,850 "
Scott County,"$244,610 "
Shelby County,"$182,610 "
Sioux County,"$257,830 "
Story County,"$286,730 "
Tama County,"$156,000 "
Taylor County,"$117,860 "
Union County,"$144,610 "
Van Buren County,"$129,110 "
Wapello County,"$118,650 "
Warren County,"$277,880 "
Washington County,"$202,100 "
Wayne County,"$110,580 "
Webster County,"$146,860 "
Winnebago County,"$137,720 "
Winneshiek County,"$259,690 "
Woodbury County,"$206,770 "
Worth County,"$148,980 "
Wright County,"$120,370 "
Allen County,"$112,400 "
Anderson County,"$158,120 "
Atchison County,"$151,120 "
Barber County,"$102,180 "
Barton County,"$134,050 "
Bourbon County,"$117,240 "
Brown County,"$124,100 "
Butler County,"$267,080 "
Chase County,"$146,420 "
Chautauqua County,"$74,490 "
Cherokee County,"$112,000 "
Cheyenne County,"$122,620 "
Clark County,"$100,700 "
Clay County,"$152,600 "
Cloud County,"$110,250 "
Coffey County,"$162,280 "
Comanche County,"$87,390 "
Cowley County,"$123,290 "
Crawford County,"$132,700 "
Decatur County,"$88,870 "
Dickinson County,"$159,190 "
Doniphan County,"$140,440 "
Douglas County,"$323,960 "
Edwards County,"$84,030 "
Elk County,"$77,180 "
Ellis County,"$231,930 "
Ellsworth County,"$132,440 "
Finney County,"$217,810 "
Ford County,"$146,420 "
Franklin County,"$212,220 "
Geary County,"$188,530 "
Gove County,"$139,560 "
Graham County,"$108,370 "
Grant County,"$187,560 "
Gray County,"$205,710 "
Greeley County,"$132,170 "
Greenwood County,"$90,890 "
Hamilton County,"$123,020 "
Harper County,"$96,400 "
Harvey County,"$182,030 "
Haskell County,"$149,650 "
Hodgeman County,"$103,260 "
Jackson County,"$209,810 "
Jefferson County,"$233,290 "
Jewell County,"$80,810 "
Johnson County,"$469,650 "
Kearny County,"$161,340 "
Kingman County,"$126,390 "
Kiowa County,"$149,510 "
Labette County,"$107,700 "
Lane County,"$99,900 "
Leavenworth County,"$342,950 "
Lincoln County,"$110,920 "
Linn County,"$181,630 "
Logan County,"$147,490 "
Lyon County,"$161,070 "
McPherson County,"$221,040 "
Marion County,"$139,560 "
Marshall County,"$136,470 "
Meade County,"$164,840 "
Miami County,"$310,830 "
Mitchell County,"$125,440 "
Montgomery County,"$109,710 "
Morris County,"$123,560 "
Morton County,"$106,760 "
Nemaha County,"$211,220 "
Neosho County,"$116,840 "
Ness County,"$94,120 "
Norton County,"$111,330 "
Osage County,"$179,330 "
Osborne County,"$86,860 "
Ottawa County,"$188,230 "
Pawnee County,"$113,070 "
Phillips County,"$112,270 "
Pottawatomie County,"$246,620 "
Pratt County,"$139,020 "
Rawlins County,"$131,630 "
Reno County,"$143,190 "
Republic County,"$83,900 "
Rice County,"$107,700 "
Riley County,"$295,280 "
Rooks County,"$103,390 "
Rush County,"$96,000 "
Russell County,"$142,790 "
Saline County,"$195,090 "
Scott County,"$218,080 "
Sedgwick County,"$234,710 "
Seward County,"$147,090 "
Shawnee County,"$212,420 "
Sheridan County,"$162,820 "
Sherman County,"$166,050 "
Smith County,"$92,370 "
Stafford County,"$110,520 "
Stanton County,"$87,800 "
Stevens County,"$148,440 "
Sumner County,"$136,350 "
Thomas County,"$190,920 "
Trego County,"$143,460 "
Wabaunsee County,"$209,810 "
Wallace County,"$115,900 "
Washington County,"$117,240 "
Wichita County,"$116,170 "
Wilson County,"$111,060 "
Woodson County,"$97,340 "
Wyandotte County,"$206,380 "
Adair County,"$155,770 "
Allen County,"$187,170 "
Anderson County,"$238,580 "
Ballard County,"$125,910 "
Barren County,"$190,270 "
Bath County,"$123,370 "
Bell County,"$95,490 "
Boone County,"$322,940 "
Bourbon County,"$226,130 "
Boyd County,"$142,580 "
Boyle County,"$218,160 "
Bracken County,"$139,240 "
Breathitt County,"$74,220 "
Breckinridge County,"$150,270 "
Bullitt County,"$262,130 "
Butler County,"$131,400 "
Caldwell County,"$131,820 "
Calloway County,"$208,580 "
Campbell County,"$304,770 "
Carlisle County,"$114,080 "
Carroll County,"$153,370 "
Carter County,"$149,990 "
Casey County,"$155,910 "
Christian County,"$213,250 "
Clark County,"$220,970 "
Clay County,"$95,070 "
Clinton County,"$110,140 "
Crittenden County,"$136,610 "
Cumberland County,"$152,670 "
Daviess County,"$221,120 "
Edmonson County,"$135,360 "
Elliott County,"$106,760 "
Estill County,"$117,040 "
Fayette County,"$338,360 "
Fleming County,"$134,640 "
Floyd County,"$111,400 "
Franklin County,"$218,300 "
Fulton County,"$94,080 "
Gallatin County,"$193,910 "
Garrard County,"$219,710 "
Grant County,"$207,890 "
Graves County,"$163,230 "
Grayson County,"$170,410 "
Green County,"$119,010 "
Greenup County,"$153,780 "
Hancock County,"$148,290 "
Hardin County,"$255,360 "
Harlan County,"$91,540 "
Harrison County,"$216,050 "
Hart County,"$138,580 "
Henderson County,"$178,720 "
Henry County,"$185,610 "
Hickman County,"$120,560 "
Hopkins County,"$159,010 "
Jackson County,"$113,230 "
Jefferson County,"$293,520 "
Jessamine County,"$269,130 "
Johnson County,"$166,750 "
Kenton County,"$301,410 "
Knott County,"$81,550 "
Knox County,"$134,360 "
Larue County,"$187,620 "
Laurel County,"$164,500 "
Lawrence County,"$129,430 "
Lee County,"$104,080 "
Leslie County,"$99,710 "
Letcher County,"$86,330 "
Lewis County,"$109,010 "
Lincoln County,"$161,400 "
Livingston County,"$135,350 "
Logan County,"$155,630 "
Lyon County,"$210,690 "
McCracken County,"$248,020 "
McCreary County,"$113,090 "
McLean County,"$156,850 "
Madison County,"$291,110 "
Magoffin County,"$109,710 "
Marion County,"$172,670 "
Marshall County,"$190,840 "
Martin County,"$95,210 "
Mason County,"$203,230 "
Meade County,"$216,480 "
Menifee County,"$118,300 "
Mercer County,"$224,350 "
Metcalfe County,"$115,060 "
Monroe County,"$147,740 "
Montgomery County,"$187,030 "
Morgan County,"$107,460 "
Muhlenberg County,"$140,560 "
Nelson County,"$223,610 "
Nicholas County,"$123,370 "
Ohio County,"$133,510 "
Oldham County,"$451,960 "
Owen County,"$174,780 "
Owsley County,"$98,020 "
Pendleton County,"$188,450 "
Perry County,"$109,150 "
Pike County,"$121,400 "
Powell County,"$146,190 "
Pulaski County,"$205,910 "
Robertson County,"$133,800 "
Rockcastle County,"$128,160 "
Rowan County,"$193,930 "
Russell County,"$158,720 "
Scott County,"$291,460 "
Shelby County,"$280,330 "
Simpson County,"$215,760 "
Spencer County,"$321,100 "
Taylor County,"$178,020 "
Todd County,"$166,470 "
Trigg County,"$230,490 "
Trimble County,"$174,800 "
Union County,"$127,740 "
Warren County,"$330,190 "
Washington County,"$189,150 "
Wayne County,"$139,570 "
Webster County,"$99,270 "
Whitley County,"$155,910 "
Wolfe County,"$85,770 "
Woodford County,"$314,910 "
Acadia Parish,"$147,840 "
Allen Parish,"$128,100 "
Ascension Parish,"$270,210 "
Assumption Parish,"$132,090 "
Avoyelles Parish,"$120,570 "
Beauregard Parish,"$159,240 "
Bienville Parish,"$82,470 "
Bossier Parish,"$258,330 "
Caddo Parish,"$198,390 "
Calcasieu Parish,"$236,400 "
Caldwell Parish,"$95,930 "
Cameron Parish,"$173,410 "
Catahoula Parish,"$99,360 "
Claiborne Parish,"$83,610 "
Concordia Parish,"$100,720 "
De Soto Parish,"$157,410 "
East Baton Rouge Parish,"$270,210 "
East Carroll Parish,"$84,750 "
East Feliciana Parish,"$199,350 "
Evangeline Parish,"$110,420 "
Franklin Parish,"$99,810 "
Grant Parish,"$142,150 "
Iberia Parish,"$160,730 "
Iberville Parish,"$181,180 "
Jackson Parish,"$105,740 "
Jefferson Parish,"$255,600 "
Jefferson Davis Parish,"$151,140 "
Lafayette Parish,"$246,450 "
Lafourche Parish,"$198,770 "
LaSalle Parish,"$119,660 "
Lincoln Parish,"$182,060 "
Livingston Parish,"$261,310 "
Madison Parish,"$93,650 "
Morehouse Parish,"$101,750 "
Natchitoches Parish,"$173,960 "
Orleans Parish,"$323,830 "
Ouachita Parish,"$205,660 "
Plaquemines Parish,"$246,200 "
Pointe Coupee Parish,"$180,460 "
Rapides Parish,"$198,820 "
Red River Parish,"$90,000 "
Richland Parish,"$123,200 "
Sabine Parish,"$112,470 "
St. Bernard Parish,"$184,600 "
St. Charles Parish,"$252,700 "
St. Helena Parish,"$100,700 "
St. James Parish,"$191,300 "
St. John the Baptist Parish,"$183,200 "
St. Landry Parish,"$149,090 "
St. Martin Parish,"$150,150 "
St. Mary Parish,"$125,710 "
St. Tammany Parish,"$301,430 "
Tangipahoa Parish,"$218,220 "
Tensas Parish,"$96,050 "
Terrebonne Parish,"$209,300 "
Union Parish,"$107,750 "
Vermilion Parish,"$154,570 "
Vernon Parish,"$143,270 "
Washington Parish,"$129,700 "
Webster Parish,"$98,900 "
West Baton Rouge Parish,"$233,160 "
West Carroll Parish,"$99,240 "
West Feliciana Parish,"$259,020 "
Winn Parish,"$103,690 "
Androscoggin County,"$307,310 "
Aroostook County,"$187,850 "
Cumberland County,"$567,480 "
Franklin County,"$231,800 "
Hancock County,"$345,350 "
Kennebec County,"$285,860 "
Knox County,"$338,860 "
Lincoln County,"$352,300 "
Oxford County,"$237,990 "
Penobscot County,"$276,260 "
Piscataquis County,"$180,910 "
Sagadahoc County,"$346,200 "
Somerset County,"$187,550 "
Waldo County,"$277,550 "
Washington County,"$178,640 "
York County,"$487,740 "
Allegany County,"$159,440 "
Anne Arundel County,"$534,960 "
Baltimore County,"$401,410 "
Calvert County,"$509,020 "
Caroline County,"$295,090 "
Carroll County,"$500,290 "
Cecil County,"$375,240 "
Charles County,"$458,700 "
Dorchester County,"$249,230 "
Frederick County,"$494,180 "
Garrett County,"$258,930 "
Harford County,"$427,120 "
Howard County,"$677,080 "
Kent County,"$349,730 "
Montgomery County,"$707,950 "
Prince George's County,"$468,340 "
Queen Anne's County,"$478,550 "
St. Mary's County,"$467,010 "
Somerset County,"$205,780 "
Talbot County,"$441,850 "
Washington County,"$347,140 "
Wicomico County,"$314,540 "
Worcester County,"$365,850 "
Baltimore city,"$247,010 "
Barnstable County,"$727,290 "
Bristol County,"$551,780 "
Essex County,"$703,960 "
Hampden County,"$347,930 "
Middlesex County,"$851,690 "
Nantucket County,"$1,705,210 "
Norfolk County,"$801,300 "
Plymouth County,"$625,640 "
Suffolk County,"$846,770 "
Worcester County,"$503,010 "
Alcona County,"$178,970 "
Alger County,"$206,240 "
Allegan County,"$320,190 "
Alpena County,"$159,590 "
Antrim County,"$241,980 "
Arenac County,"$149,400 "
Baraga County,"$153,710 "
Barry County,"$268,080 "
Bay County,"$157,940 "
Benzie County,"$303,400 "
Berrien County,"$268,550 "
Branch County,"$174,230 "
Calhoun County,"$195,190 "
Cass County,"$222,440 "
Charlevoix County,"$270,970 "
Cheboygan County,"$208,970 "
Chippewa County,"$176,960 "
Clare County,"$136,340 "
Clinton County,"$305,560 "
Crawford County,"$167,490 "
Delta County,"$175,100 "
Dickinson County,"$162,470 "
Eaton County,"$252,710 "
Emmet County,"$312,590 "
Genesee County,"$210,050 "
Gladwin County,"$170,930 "
Gogebic County,"$109,650 "
Grand Traverse County,"$411,040 "
Gratiot County,"$151,700 "
Hillsdale County,"$203,230 "
Houghton County,"$165,480 "
Huron County,"$163,760 "
Ingham County,"$215,280 "
Ionia County,"$233,830 "
Iosco County,"$143,810 "
Iron County,"$120,560 "
Isabella County,"$201,930 "
Jackson County,"$225,650 "
Kalamazoo County,"$287,080 "
Kalkaska County,"$195,190 "
Kent County,"$355,760 "
Keweenaw County,"$177,970 "
Lake County,"$141,080 "
Lapeer County,"$261,400 "
Leelanau County,"$435,150 "
Lenawee County,"$246,860 "
Livingston County,"$410,120 "
Luce County,"$127,020 "
Mackinac County,"$199,780 "
Macomb County,"$275,550 "
Manistee County,"$202,790 "
Marquette County,"$264,080 "
Mason County,"$229,490 "
Mecosta County,"$188,590 "
Menominee County,"$166,340 "
Midland County,"$247,720 "
Missaukee County,"$183,560 "
Monroe County,"$249,110 "
Montcalm County,"$231,500 "
Montmorency County,"$162,180 "
Muskegon County,"$249,110 "
Newaygo County,"$201,310 "
Oakland County,"$392,820 "
Oceana County,"$189,160 "
Ogemaw County,"$154,140 "
Ontonagon County,"$110,080 "
Osceola County,"$156,720 "
Oscoda County,"$150,550 "
Otsego County,"$223,170 "
Presque Isle County,"$163,330 "
Roscommon County,"$169,930 "
Saginaw County,"$172,650 "
St. Clair County,"$252,100 "
St. Joseph County,"$193,180 "
Sanilac County,"$187,870 "
Schoolcraft County,"$177,820 "
Shiawassee County,"$210,110 "
Tuscola County,"$161,320 "
Van Buren County,"$241,190 "
Washtenaw County,"$434,450 "
Wayne County,"$207,940 "
Wexford County,"$177,390 "
Aitkin County,"$266,750 "
Anoka County,"$366,360 "
Becker County,"$300,690 "
Beltrami County,"$240,580 "
Benton County,"$261,860 "
Big Stone County,"$145,030 "
Blue Earth County,"$279,520 "
Brown County,"$199,960 "
Carlton County,"$263,670 "
Carver County,"$487,080 "
Cass County,"$286,380 "
Chippewa County,"$166,160 "
Chisago County,"$325,260 "
Clay County,"$298,340 "
Clearwater County,"$205,280 "
Cook County,"$356,570 "
Cottonwood County,"$159,610 "
Crow Wing County,"$342,940 "
Dakota County,"$413,290 "
Dodge County,"$276,290 "
Douglas County,"$341,310 "
Faribault County,"$133,170 "
Fillmore County,"$227,630 "
Freeborn County,"$180,060 "
Goodhue County,"$305,460 "
Grant County,"$199,820 "
Hennepin County,"$432,730 "
Houston County,"$258,500 "
Hubbard County,"$298,920 "
Isanti County,"$282,910 "
Itasca County,"$233,220 "
Jackson County,"$168,610 "
Kanabec County,"$238,670 "
Kandiyohi County,"$257,070 "
Kittson County,"$150,750 "
Koochiching County,"$157,710 "
Lac qui Parle County,"$145,850 "
Lake County,"$249,710 "
Lake of the Woods County,"$246,440 "
Le Sueur County,"$326,180 "
Lincoln County,"$159,200 "
Lyon County,"$218,500 "
McLeod County,"$251,480 "
Mahnomen County,"$157,020 "
Marshall County,"$171,060 "
Martin County,"$176,650 "
Meeker County,"$254,070 "
Mille Lacs County,"$253,260 "
Morrison County,"$260,890 "
Mower County,"$186,870 "
Murray County,"$205,550 "
Nicollet County,"$275,190 "
Nobles County,"$191,780 "
Norman County,"$146,390 "
Olmsted County,"$363,680 "
Otter Tail County,"$285,010 "
Pennington County,"$220,950 "
Pine County,"$241,670 "
Pipestone County,"$153,070 "
Polk County,"$216,560 "
Pope County,"$267,020 "
Ramsey County,"$361,040 "
Red Lake County,"$169,560 "
Redwood County,"$163,160 "
Renville County,"$156,610 "
Rice County,"$368,980 "
Rock County,"$226,130 "
Roseau County,"$203,100 "
St. Louis County,"$264,650 "
Scott County,"$451,420 "
Sherburne County,"$402,270 "
Sibley County,"$235,130 "
Stearns County,"$307,020 "
Steele County,"$252,440 "
Stevens County,"$219,180 "
Swift County,"$156,070 "
Todd County,"$213,450 "
Traverse County,"$126,360 "
Wabasha County,"$256,420 "
Wadena County,"$195,190 "
Waseca County,"$225,590 "
Washington County,"$470,860 "
Watonwan County,"$144,760 "
Wilkin County,"$210,460 "
Winona County,"$245,620 "
Wright County,"$379,360 "
Yellow Medicine County,"$169,560 "
Adams County,"$118,350 "
Alcorn County,"$146,350 "
Amite County,"$110,170 "
Attala County,"$113,750 "
Benton County,"$105,450 "
Bolivar County,"$130,630 "
Calhoun County,"$90,880 "
Carroll County,"$128,580 "
Chickasaw County,"$94,580 "
Choctaw County,"$107,110 "
Claiborne County,"$91,510 "
Clarke County,"$108,900 "
Clay County,"$128,580 "
Coahoma County,"$95,600 "
Copiah County,"$108,930 "
Covington County,"$98,540 "
DeSoto County,"$314,040 "
Forrest County,"$200,210 "
Franklin County,"$109,020 "
Greene County,"$109,280 "
Grenada County,"$136,120 "
Hancock County,"$225,080 "
Harrison County,"$224,950 "
Hinds County,"$174,030 "
Holmes County,"$77,710 "
Humphreys County,"$91,390 "
Issaquena County,"$98,670 "
Itawamba County,"$127,050 "
Jasper County,"$114,650 "
Jefferson County,"$82,820 "
Jefferson Davis County,"$109,410 "
Jones County,"$142,130 "
Kemper County,"$99,820 "
Lafayette County,"$282,590 "
Lamar County,"$244,880 "
Lauderdale County,"$140,590 "
Lawrence County,"$128,320 "
Leake County,"$107,870 "
Lee County,"$225,970 "
Leflore County,"$109,020 "
Lincoln County,"$131,010 "
Lowndes County,"$181,750 "
Madison County,"$344,590 "
Marion County,"$120,140 "
Marshall County,"$165,160 "
Monroe County,"$130,370 "
Montgomery County,"$115,030 "
Neshoba County,"$110,430 "
Newton County,"$111,070 "
Noxubee County,"$92,540 "
Oktibbeha County,"$219,200 "
Panola County,"$116,050 "
Pearl River County,"$184,180 "
Perry County,"$151,560 "
Pike County,"$126,020 "
Pontotoc County,"$149,160 "
Prentiss County,"$125,770 "
Quitman County,"$71,960 "
Rankin County,"$256,170 "
Scott County,"$98,800 "
Sharkey County,"$94,330 "
Simpson County,"$111,620 "
Smith County,"$142,000 "
Stone County,"$201,040 "
Sunflower County,"$119,760 "
Tallahatchie County,"$88,830 "
Tate County,"$199,450 "
Tippah County,"$135,990 "
Tishomingo County,"$134,720 "
Tunica County,"$149,150 "
Union County,"$152,610 "
Walthall County,"$131,140 "
Warren County,"$172,040 "
Washington County,"$102,890 "
Wayne County,"$101,610 "
Webster County,"$112,860 "
Wilkinson County,"$88,450 "
Winston County,"$129,860 "
Yalobusha County,"$107,240 "
Yazoo County,"$139,440 "
Adair County,"$176,480 "
Andrew County,"$212,570 "
Atchison County,"$120,780 "
Audrain County,"$132,670 "
Barry County,"$201,080 "
Barton County,"$137,780 "
Bates County,"$178,850 "
Benton County,"$181,180 "
Bollinger County,"$142,840 "
Boone County,"$324,340 "
Buchanan County,"$196,510 "
Butler County,"$161,690 "
Caldwell County,"$159,380 "
Callaway County,"$240,240 "
Camden County,"$305,970 "
Cape Girardeau County,"$225,360 "
Carroll County,"$128,800 "
Carter County,"$202,870 "
Cass County,"$339,060 "
Cedar County,"$174,820 "
Chariton County,"$149,250 "
Christian County,"$332,100 "
Clark County,"$141,100 "
Clay County,"$330,430 "
Clinton County,"$228,360 "
Cole County,"$278,830 "
Cooper County,"$209,370 "
Crawford County,"$178,370 "
Dade County,"$151,740 "
Dallas County,"$200,610 "
Daviess County,"$155,750 "
DeKalb County,"$187,940 "
Dent County,"$151,460 "
Douglas County,"$178,550 "
Dunklin County,"$113,320 "
Franklin County,"$256,140 "
Gasconade County,"$190,710 "
Gentry County,"$144,280 "
Greene County,"$275,300 "
Grundy County,"$129,490 "
Harrison County,"$114,010 "
Henry County,"$171,640 "
Hickory County,"$122,860 "
Holt County,"$136,260 "
Howard County,"$200,810 "
Howell County,"$166,940 "
Iron County,"$128,800 "
Jackson County,"$280,230 "
Jasper County,"$217,660 "
Jefferson County,"$273,580 "
Johnson County,"$239,630 "
Knox County,"$109,730 "
Laclede County,"$167,770 "
Lafayette County,"$221,820 "
Lawrence County,"$168,050 "
Lewis County,"$130,180 "
Lincoln County,"$225,840 "
Linn County,"$126,170 "
Livingston County,"$166,940 "
McDonald County,"$162,750 "
Macon County,"$145,380 "
Madison County,"$164,040 "
Maries County,"$219,180 "
Marion County,"$182,010 "
Mercer County,"$114,290 "
Miller County,"$195,130 "
Mississippi County,"$114,150 "
Moniteau County,"$220,430 "
Monroe County,"$170,400 "
Montgomery County,"$203,150 "
Morgan County,"$216,140 "
New Madrid County,"$117,740 "
Newton County,"$202,240 "
Nodaway County,"$183,940 "
Oregon County,"$140,680 "
Osage County,"$245,860 "
Ozark County,"$168,320 "
Pemiscot County,"$116,780 "
Perry County,"$218,350 "
Pettis County,"$185,050 "
Phelps County,"$213,380 "
Pike County,"$141,510 "
Platte County,"$400,800 "
Polk County,"$214,700 "
Pulaski County,"$221,120 "
Putnam County,"$117,190 "
Ralls County,"$184,630 "
Randolph County,"$165,840 "
Ray County,"$210,420 "
Reynolds County,"$135,570 "
Ripley County,"$130,600 "
St. Charles County,"$365,000 "
St. Clair County,"$155,890 "
Ste. Genevieve County,"$250,970 "
St. Francois County,"$203,290 "
St. Louis County,"$321,580 "
Saline County,"$155,750 "
Schuyler County,"$121,060 "
Scotland County,"$155,330 "
Scott County,"$169,150 "
Shannon County,"$174,820 "
Shelby County,"$101,440 "
Stoddard County,"$150,500 "
Stone County,"$267,830 "
Sullivan County,"$109,450 "
Taney County,"$217,660 "
Texas County,"$154,780 "
Vernon County,"$153,680 "
Warren County,"$250,110 "
Washington County,"$135,090 "
Wayne County,"$139,580 "
Webster County,"$236,270 "
Worth County,"$94,110 "
Wright County,"$162,240 "
St. Louis city,"$224,010 "
Beaverhead County,"$365,200 "
Big Horn County,"$218,390 "
Blaine County,"$171,600 "
Broadwater County,"$389,700 "
Carbon County,"$412,860 "
Carter County,"$171,460 "
Cascade County,"$336,720 "
Chouteau County,"$231,300 "
Custer County,"$272,800 "
Daniels County,"$235,550 "
Dawson County,"$223,960 "
Deer Lodge County,"$212,670 "
Fallon County,"$289,080 "
Fergus County,"$220,300 "
Flathead County,"$652,090 "
Gallatin County,"$857,280 "
Garfield County,"$227,190 "
Glacier County,"$190,230 "
Golden Valley County,"$159,870 "
Granite County,"$364,030 "
Hill County,"$246,550 "
Jefferson County,"$446,310 "
Judith Basin County,"$241,120 "
Lake County,"$424,310 "
Lewis and Clark County,"$464,940 "
Liberty County,"$145,350 "
Lincoln County,"$311,520 "
McCone County,"$233,350 "
Madison County,"$470,510 "
Meagher County,"$263,860 "
Mineral County,"$310,940 "
Missoula County,"$610,750 "
Musselshell County,"$288,790 "
Park County,"$483,270 "
Petroleum County,"$174,540 "
Phillips County,"$226,020 "
Pondera County,"$219,560 "
Powder River County,"$188,180 "
Powell County,"$211,200 "
Prairie County,"$169,840 "
Ravalli County,"$464,060 "
Richland County,"$347,160 "
Roosevelt County,"$151,800 "
Rosebud County,"$205,190 "
Sanders County,"$386,470 "
Sheridan County,"$168,670 "
Silver Bow County,"$241,420 "
Stillwater County,"$405,540 "
Sweet Grass County,"$357,140 "
Teton County,"$280,580 "
Toole County,"$223,230 "
Treasure County,"$250,950 "
Valley County,"$235,840 "
Wheatland County,"$182,600 "
Wibaux County,"$156,640 "
Yellowstone County,"$419,660 "
Adams County,"$197,100 "
Antelope County,"$118,230 "
Arthur County,"$213,340 "
Banner County,"$245,550 "
Blaine County,"$116,580 "
Boone County,"$205,770 "
Box Butte County,"$182,100 "
Boyd County,"$123,320 "
Brown County,"$109,560 "
Buffalo County,"$263,160 "
Burt County,"$156,080 "
Butler County,"$186,500 "
Cass County,"$281,730 "
Cedar County,"$184,850 "
Chase County,"$219,400 "
Cherry County,"$170,120 "
Cheyenne County,"$140,390 "
Clay County,"$162,000 "
Colfax County,"$123,460 "
Cuming County,"$184,710 "
Custer County,"$159,110 "
Dakota County,"$182,940 "
Dawes County,"$181,410 "
Dawson County,"$169,430 "
Deuel County,"$117,680 "
Dixon County,"$130,790 "
Dodge County,"$202,190 "
Douglas County,"$311,830 "
Dundy County,"$151,950 "
Fillmore County,"$140,120 "
Franklin County,"$110,800 "
Frontier County,"$151,950 "
Furnas County,"$105,020 "
Gage County,"$182,510 "
Garden County,"$109,010 "
Garfield County,"$156,910 "
Gosper County,"$238,660 "
Grant County,"$129,790 "
Greeley County,"$105,840 "
Hall County,"$224,900 "
Hamilton County,"$245,130 "
Harlan County,"$162,960 "
Hayes County,"$118,370 "
Hitchcock County,"$103,230 "
Holt County,"$185,120 "
Hooker County,"$129,240 "
Howard County,"$227,520 "
Jefferson County,"$139,700 "
Johnson County,"$148,370 "
Kearney County,"$248,160 "
Keith County,"$185,120 "
Keya Paha County,"$117,680 "
Kimball County,"$108,730 "
Knox County,"$135,990 "
Lancaster County,"$323,740 "
Lincoln County,"$214,850 "
Logan County,"$154,430 "
Loup County,"$148,370 "
McPherson County,"$150,580 "
Madison County,"$226,140 "
Merrick County,"$190,080 "
Morrill County,"$138,880 "
Nance County,"$118,640 "
Nemaha County,"$138,050 "
Nuckolls County,"$108,180 "
Otoe County,"$208,250 "
Pawnee County,"$95,380 "
Perkins County,"$164,890 "
Phelps County,"$197,240 "
Pierce County,"$207,830 "
Platte County,"$225,590 "
Polk County,"$171,220 "
Red Willow County,"$179,480 "
Richardson County,"$104,470 "
Rock County,"$121,530 "
Saline County,"$160,490 "
Sarpy County,"$350,090 "
Saunders County,"$250,280 "
Scotts Bluff County,"$189,940 "
Seward County,"$240,450 "
Sheridan County,"$114,510 "
Sherman County,"$141,490 "
Sioux County,"$159,110 "
Stanton County,"$204,670 "
Thayer County,"$108,320 "
Thomas County,"$210,310 "
Thurston County,"$107,770 "
Valley County,"$161,040 "
Washington County,"$308,700 "
Wayne County,"$205,490 "
Webster County,"$111,070 "
Wheeler County,"$124,700 "
York County,"$194,900 "
Churchill County,"$286,280 "
Clark County,"$506,980 "
Douglas County,"$570,520 "
Elko County,"$301,640 "
Esmeralda County,"$84,340 "
Eureka County,"$192,480 "
Humboldt County,"$271,950 "
Lander County,"$221,400 "
Lincoln County,"$205,530 "
Lyon County,"$337,990 "
Mineral County,"$153,190 "
Nye County,"$253,010 "
Pershing County,"$179,940 "
Storey County,"$342,210 "
Washoe County,"$600,270 "
White Pine County,"$211,670 "
Carson City,"$418,120 "
Belknap County,"$372,110 "
Carroll County,"$399,100 "
Cheshire County,"$359,490 "
Coos County,"$197,200 "
Grafton County,"$387,810 "
Hillsborough County,"$508,780 "
Merrimack County,"$447,380 "
Rockingham County,"$567,800 "
Strafford County,"$419,400 "
Sullivan County,"$265,290 "
Atlantic County,"$412,290 "
Bergen County,"$695,300 "
Burlington County,"$358,520 "
Camden County,"$295,570 "
Cape May County,"$564,630 "
Cumberland County,"$267,970 "
Essex County,"$584,190 "
Gloucester County,"$328,400 "
Hudson County,"$593,700 "
Hunterdon County,"$573,280 "
Mercer County,"$465,700 "
Middlesex County,"$503,140 "
Monmouth County,"$641,140 "
Morris County,"$639,620 "
Ocean County,"$428,440 "
Passaic County,"$510,750 "
Salem County,"$245,530 "
Somerset County,"$596,750 "
Sussex County,"$399,520 "
Union County,"$575,310 "
Warren County,"$431,990 "
Bernalillo County,"$356,710 "
Catron County,"$229,160 "
Chaves County,"$153,170 "
Cibola County,"$113,540 "
Colfax County,"$163,890 "
Curry County,"$182,210 "
De Baca County,"$174,100 "
Do√±a Ana County,"$264,640 "
Eddy County,"$218,310 "
Grant County,"$163,500 "
Guadalupe County,"$139,300 "
Harding County,"$102,680 "
Hidalgo County,"$123,480 "
Lea County,"$203,530 "
Lincoln County,"$224,190 "
Los Alamos County,"$448,780 "
Luna County,"$116,150 "
McKinley County,"$77,960 "
Mora County,"$138,780 "
Otero County,"$164,290 "
Quay County,"$94,440 "
Rio Arriba County,"$235,180 "
Roosevelt County,"$153,820 "
Sandoval County,"$352,240 "
San Juan County,"$216,300 "
San Miguel County,"$188,090 "
Santa Fe County,"$506,660 "
Sierra County,"$160,620 "
Socorro County,"$147,150 "
Taos County,"$367,160 "
Torrance County,"$169,140 "
Union County,"$170,430 "
Valencia County,"$238,830 "
Albany County,"$335,580 "
Allegany County,"$110,330 "
Bronx County,"$589,770 "
Broome County,"$163,990 "
Cattaraugus County,"$131,610 "
Cayuga County,"$224,350 "
Chautauqua County,"$136,240 "
Chemung County,"$159,910 "
Chenango County,"$147,150 "
Clinton County,"$202,250 "
Columbia County,"$341,770 "
Cortland County,"$177,290 "
Delaware County,"$201,300 "
Dutchess County,"$488,250 "
Erie County,"$272,860 "
Essex County,"$221,890 "
Franklin County,"$162,020 "
Fulton County,"$169,790 "
Genesee County,"$177,430 "
Greene County,"$259,120 "
Hamilton County,"$232,660 "
Herkimer County,"$143,530 "
Jefferson County,"$241,670 "
Kings County,"$1,006,160 "
Lewis County,"$175,390 "
Livingston County,"$205,230 "
Madison County,"$251,200 "
Monroe County,"$252,350 "
Montgomery County,"$154,790 "
Nassau County,"$786,110 "
New York County,"$1,193,370 "
Niagara County,"$223,130 "
Oneida County,"$204,580 "
Onondaga County,"$237,490 "
Ontario County,"$277,640 "
Orange County,"$451,580 "
Orleans County,"$155,660 "
Oswego County,"$178,750 "
Otsego County,"$210,300 "
Putnam County,"$532,700 "
Queens County,"$814,270 "
Rensselaer County,"$292,490 "
Richmond County,"$767,970 "
Rockland County,"$637,970 "
St. Lawrence County,"$135,020 "
Saratoga County,"$387,150 "
Schenectady County,"$256,820 "
Schoharie County,"$201,130 "
Schuyler County,"$183,300 "
Seneca County,"$152,470 "
Steuben County,"$168,700 "
Suffolk County,"$619,200 "
Sullivan County,"$295,950 "
Tioga County,"$148,300 "
Ulster County,"$432,880 "
Warren County,"$309,400 "
Washington County,"$219,160 "
Wayne County,"$213,040 "
Westchester County,"$751,990 "
Wyoming County,"$170,880 "
Yates County,"$199,930 "
Alamance County,"$322,960 "
Alexander County,"$218,940 "
Alleghany County,"$250,160 "
Anson County,"$151,440 "
Ashe County,"$258,020 "
Avery County,"$258,770 "
Beaufort County,"$215,840 "
Bertie County,"$118,050 "
Bladen County,"$160,220 "
Brunswick County,"$439,700 "
Buncombe County,"$480,640 "
Burke County,"$236,760 "
Cabarrus County,"$428,610 "
Caldwell County,"$238,070 "
Camden County,"$342,210 "
Carteret County,"$402,520 "
Caswell County,"$184,410 "
Catawba County,"$284,670 "
Chatham County,"$580,240 "
Cherokee County,"$248,490 "
Chowan County,"$226,430 "
Clay County,"$315,300 "
Cleveland County,"$214,790 "
Columbus County,"$154,630 "
Craven County,"$288,100 "
Cumberland County,"$240,320 "
Currituck County,"$372,110 "
Dare County,"$485,800 "
Davidson County,"$258,620 "
Davie County,"$272,480 "
Duplin County,"$138,150 "
Durham County,"$475,210 "
Edgecombe County,"$140,370 "
Forsyth County,"$318,390 "
Franklin County,"$332,330 "
Gaston County,"$315,970 "
Gates County,"$221,590 "
Graham County,"$174,730 "
Granville County,"$268,450 "
Greene County,"$128,190 "
Guilford County,"$311,960 "
Halifax County,"$135,430 "
Harnett County,"$287,190 "
Haywood County,"$276,440 "
Henderson County,"$420,370 "
Hertford County,"$135,130 "
Hoke County,"$230,900 "
Hyde County,"$178,660 "
Iredell County,"$381,990 "
Jackson County,"$319,690 "
Johnston County,"$367,400 "
Jones County,"$158,560 "
Lee County,"$233,230 "
Lenoir County,"$138,460 "
Lincoln County,"$380,340 "
McDowell County,"$199,970 "
Macon County,"$267,390 "
Madison County,"$294,050 "
Martin County,"$136,640 "
Mecklenburg County,"$503,960 "
Mitchell County,"$257,260 "
Montgomery County,"$185,010 "
Moore County,"$453,460 "
Nash County,"$245,830 "
New Hanover County,"$498,680 "
Northampton County,"$132,110 "
Onslow County,"$270,440 "
Orange County,"$547,080 "
Pamlico County,"$251,670 "
Pasquotank County,"$271,320 "
Pender County,"$328,600 "
Perquimans County,"$276,150 "
Person County,"$220,420 "
Pitt County,"$243,980 "
Polk County,"$344,630 "
Randolph County,"$224,740 "
Richmond County,"$139,360 "
Robeson County,"$133,620 "
Rockingham County,"$227,450 "
Rowan County,"$299,580 "
Rutherford County,"$201,940 "
Sampson County,"$154,630 "
Scotland County,"$135,430 "
Stanly County,"$244,710 "
Stokes County,"$225,070 "
Surry County,"$229,750 "
Swain County,"$255,450 "
Transylvania County,"$378,180 "
Tyrrell County,"$150,250 "
Union County,"$509,220 "
Vance County,"$170,950 "
Wake County,"$556,770 "
Warren County,"$147,520 "
Washington County,"$129,990 "
Watauga County,"$377,120 "
Wayne County,"$227,920 "
Wilkes County,"$227,790 "
Wilson County,"$213,730 "
Yadkin County,"$218,770 "
Yancey County,"$264,820 "
Adams County,"$127,990 "
Barnes County,"$183,850 "
Benson County,"$101,320 "
Billings County,"$261,250 "
Bottineau County,"$206,640 "
Bowman County,"$194,120 "
Burke County,"$147,410 "
Burleigh County,"$336,560 "
Cass County,"$309,530 "
Cavalier County,"$140,520 "
Dickey County,"$169,570 "
Divide County,"$199,380 "
Dunn County,"$285,920 "
Eddy County,"$129,120 "
Emmons County,"$118,600 "
Foster County,"$197,130 "
Golden Valley County,"$141,020 "
Grand Forks County,"$279,430 "
Grant County,"$96,810 "
Griggs County,"$130,500 "
Hettinger County,"$132,750 "
Kidder County,"$136,010 "
LaMoure County,"$135,130 "
Logan County,"$111,710 "
McHenry County,"$149,660 "
McIntosh County,"$102,700 "
McKenzie County,"$387,490 "
McLean County,"$251,230 "
Mercer County,"$212,150 "
Morton County,"$272,060 "
Mountrail County,"$219,290 "
Nelson County,"$124,360 "
Oliver County,"$254,990 "
Pembina County,"$127,870 "
Pierce County,"$170,070 "
Ramsey County,"$211,030 "
Ransom County,"$172,080 "
Renville County,"$178,090 "
Richland County,"$177,840 "
Rolette County,"$103,070 "
Sargent County,"$166,070 "
Sheridan County,"$132,000 "
Sioux County,"$104,570 "
Slope County,"$121,110 "
Stark County,"$298,940 "
Steele County,"$118,980 "
Stutsman County,"$214,530 "
Towner County,"$129,500 "
Traill County,"$191,240 "
Walsh County,"$123,610 "
Ward County,"$297,320 "
Wells County,"$130,620 "
Williams County,"$301,450 "
Adams County,"$160,790 "
Allen County,"$192,720 "
Ashland County,"$194,490 "
Ashtabula County,"$182,130 "
Athens County,"$204,960 "
Auglaize County,"$204,140 "
Belmont County,"$162,520 "
Brown County,"$197,680 "
Butler County,"$303,230 "
Carroll County,"$196,360 "
Champaign County,"$199,390 "
Clark County,"$207,660 "
Clermont County,"$314,970 "
Clinton County,"$203,190 "
Columbiana County,"$159,290 "
Coshocton County,"$154,670 "
Crawford County,"$134,010 "
Cuyahoga County,"$223,760 "
Darke County,"$182,400 "
Defiance County,"$178,590 "
Delaware County,"$526,480 "
Fairfield County,"$352,560 "
Fayette County,"$169,890 "
Franklin County,"$342,300 "
Fulton County,"$191,510 "
Gallia County,"$163,780 "
Geauga County,"$368,930 "
Greene County,"$304,220 "
Guernsey County,"$171,930 "
Hamilton County,"$278,210 "
Hancock County,"$229,290 "
Hardin County,"$155,760 "
Harrison County,"$138,090 "
Henry County,"$187,700 "
Highland County,"$171,530 "
Hocking County,"$195,720 "
Holmes County,"$314,240 "
Huron County,"$181,580 "
Jackson County,"$151,410 "
Jefferson County,"$143,900 "
Knox County,"$229,290 "
Lake County,"$241,690 "
Lawrence County,"$142,830 "
Licking County,"$297,780 "
Logan County,"$201,970 "
Lorain County,"$246,270 "
Lucas County,"$181,650 "
Madison County,"$240,500 "
Mahoning County,"$181,850 "
Marion County,"$176,830 "
Medina County,"$331,320 "
Meigs County,"$136,320 "
Mercer County,"$230,380 "
Miami County,"$273,330 "
Monroe County,"$156,980 "
Montgomery County,"$209,890 "
Morgan County,"$140,670 "
Morrow County,"$226,490 "
Muskingum County,"$193,410 "
Noble County,"$154,260 "
Ottawa County,"$211,110 "
Paulding County,"$146,380 "
Perry County,"$185,250 "
Pickaway County,"$257,140 "
Pike County,"$160,920 "
Portage County,"$269,280 "
Preble County,"$195,270 "
Putnam County,"$215,150 "
Richland County,"$211,430 "
Ross County,"$210,260 "
Sandusky County,"$169,490 "
Scioto County,"$146,520 "
Seneca County,"$153,580 "
Shelby County,"$209,990 "
Stark County,"$222,380 "
Summit County,"$236,980 "
Trumbull County,"$168,900 "
Tuscarawas County,"$215,830 "
Union County,"$336,190 "
Van Wert County,"$152,630 "
Vinton County,"$133,880 "
Warren County,"$395,640 "
Wayne County,"$250,630 "
Williams County,"$151,550 "
Wood County,"$266,750 "
Wyandot County,"$181,580 "
Adair County,"$130,190 "
Alfalfa County,"$118,030 "
Atoka County,"$143,050 "
Beaver County,"$133,230 "
Beckham County,"$190,590 "
Blaine County,"$153,270 "
Bryan County,"$176,630 "
Caddo County,"$120,800 "
Canadian County,"$275,940 "
Carter County,"$170,270 "
Cherokee County,"$182,580 "
Choctaw County,"$141,110 "
Cimarron County,"$89,280 "
Cleveland County,"$264,650 "
Coal County,"$111,540 "
Comanche County,"$201,140 "
Cotton County,"$129,090 "
Craig County,"$155,900 "
Creek County,"$229,730 "
Custer County,"$215,470 "
Delaware County,"$178,010 "
Dewey County,"$133,790 "
Ellis County,"$130,610 "
Garfield County,"$178,010 "
Garvin County,"$150,650 "
Grady County,"$205,730 "
Grant County,"$103,520 "
Greer County,"$110,020 "
Harmon County,"$110,840 "
Harper County,"$119,970 "
Haskell County,"$136,140 "
Hughes County,"$106,970 "
Jackson County,"$145,400 "
Jefferson County,"$87,210 "
Johnston County,"$121,490 "
Kay County,"$134,480 "
Kingfisher County,"$228,180 "
Kiowa County,"$91,220 "
Latimer County,"$125,360 "
Le Flore County,"$135,340 "
Lincoln County,"$172,670 "
Logan County,"$254,720 "
Love County,"$169,170 "
McClain County,"$260,160 "
McCurtain County,"$137,800 "
McIntosh County,"$159,630 "
Major County,"$155,760 "
Marshall County,"$160,050 "
Mayes County,"$179,950 "
Murray County,"$182,300 "
Muskogee County,"$166,270 "
Noble County,"$170,410 "
Nowata County,"$135,720 "
Okfuskee County,"$129,090 "
Oklahoma County,"$253,080 "
Okmulgee County,"$133,890 "
Osage County,"$186,530 "
Ottawa County,"$128,810 "
Pawnee County,"$142,500 "
Payne County,"$274,620 "
Pittsburg County,"$164,750 "
Pontotoc County,"$189,350 "
Pottawatomie County,"$200,680 "
Pushmataha County,"$123,150 "
Roger Mills County,"$196,670 "
Rogers County,"$268,480 "
Seminole County,"$106,700 "
Sequoyah County,"$142,900 "
Stephens County,"$163,230 "
Texas County,"$171,660 "
Tillman County,"$73,800 "
Tulsa County,"$268,480 "
Wagoner County,"$284,450 "
Washington County,"$176,080 "
Washita County,"$123,560 "
Woods County,"$169,030 "
Woodward County,"$210,490 "
Baker County,"$259,440 "
Benton County,"$594,290 "
Clackamas County,"$657,850 "
Clatsop County,"$464,980 "
Columbia County,"$385,880 "
Coos County,"$324,950 "
Crook County,"$404,660 "
Curry County,"$421,440 "
Deschutes County,"$750,760 "
Douglas County,"$344,740 "
Gilliam County,"$167,320 "
Grant County,"$218,500 "
Harney County,"$194,890 "
Hood River County,"$606,370 "
Jackson County,"$445,160 "
Jefferson County,"$364,810 "
Josephine County,"$507,150 "
Klamath County,"$335,740 "
Lake County,"$218,500 "
Lane County,"$472,720 "
Lincoln County,"$391,960 "
Linn County,"$448,880 "
Malheur County,"$221,230 "
Marion County,"$462,300 "
Morrow County,"$231,740 "
Multnomah County,"$601,330 "
Polk County,"$492,250 "
Sherman County,"$215,360 "
Tillamook County,"$421,720 "
Umatilla County,"$327,820 "
Union County,"$281,420 "
Wallowa County,"$388,960 "
Wasco County,"$346,240 "
Washington County,"$615,520 "
Wheeler County,"$257,400 "
Yamhill County,"$513,100 "
Adams County,"$312,680 "
Allegheny County,"$257,340 "
Armstrong County,"$163,680 "
Beaver County,"$218,020 "
Bedford County,"$192,660 "
Berks County,"$319,780 "
Blair County,"$162,830 "
Bradford County,"$204,570 "
Bucks County,"$472,620 "
Butler County,"$323,370 "
Cambria County,"$125,390 "
Cameron County,"$103,920 "
Carbon County,"$251,120 "
Centre County,"$333,550 "
Chester County,"$516,750 "
Clarion County,"$167,400 "
Clearfield County,"$150,250 "
Clinton County,"$198,810 "
Columbia County,"$211,900 "
Crawford County,"$169,360 "
Cumberland County,"$324,940 "
Dauphin County,"$271,620 "
Delaware County,"$350,770 "
Elk County,"$139,910 "
Erie County,"$208,860 "
Fayette County,"$159,950 "
Forest County,"$122,510 "
Franklin County,"$287,160 "
Fulton County,"$223,550 "
Greene County,"$162,030 "
Huntingdon County,"$197,630 "
Indiana County,"$159,550 "
Jefferson County,"$142,530 "
Juniata County,"$210,720 "
Lackawanna County,"$246,010 "
Lancaster County,"$368,430 "
Lawrence County,"$185,590 "
Lebanon County,"$309,520 "
Lehigh County,"$364,030 "
Luzerne County,"$210,600 "
Lycoming County,"$214,540 "
McKean County,"$110,730 "
Mercer County,"$203,060 "
Mifflin County,"$156,270 "
Monroe County,"$289,120 "
Montgomery County,"$458,970 "
Montour County,"$259,800 "
Northampton County,"$370,210 "
Northumberland County,"$189,120 "
Perry County,"$253,620 "
Philadelphia County,"$271,350 "
Pike County,"$250,620 "
Potter County,"$153,130 "
Schuylkill County,"$157,970 "
Snyder County,"$231,400 "
Somerset County,"$150,910 "
Sullivan County,"$214,390 "
Susquehanna County,"$230,350 "
Tioga County,"$203,650 "
Union County,"$250,900 "
Venango County,"$130,750 "
Warren County,"$138,340 "
Washington County,"$260,420 "
Wayne County,"$248,810 "
Westmoreland County,"$224,960 "
Wyoming County,"$247,300 "
York County,"$295,820 "
Bristol County,"$534,440 "
Kent County,"$451,950 "
Newport County,"$711,970 "
Providence County,"$447,010 "
Washington County,"$618,200 "
Abbeville County,"$151,700 "
Aiken County,"$237,150 "
Allendale County,"$78,400 "
Anderson County,"$283,190 "
Bamberg County,"$125,760 "
Barnwell County,"$129,990 "
Beaufort County,"$544,440 "
Berkeley County,"$419,300 "
Calhoun County,"$164,600 "
Charleston County,"$614,910 "
Cherokee County,"$154,620 "
Chester County,"$157,760 "
Chesterfield County,"$122,120 "
Clarendon County,"$168,750 "
Colleton County,"$148,640 "
Darlington County,"$134,050 "
Dillon County,"$121,540 "
Dorchester County,"$417,610 "
Edgefield County,"$201,460 "
Fairfield County,"$158,140 "
Florence County,"$191,710 "
Georgetown County,"$290,730 "
Greenville County,"$377,180 "
Greenwood County,"$197,460 "
Hampton County,"$120,660 "
Horry County,"$361,410 "
Jasper County,"$266,100 "
Kershaw County,"$228,870 "
Lancaster County,"$402,750 "
Laurens County,"$218,310 "
Lee County,"$124,600 "
Lexington County,"$273,430 "
McCormick County,"$167,300 "
Marion County,"$119,640 "
Marlboro County,"$96,330 "
Newberry County,"$173,850 "
Oconee County,"$275,720 "
Orangeburg County,"$135,670 "
Pickens County,"$284,250 "
Richland County,"$288,670 "
Saluda County,"$162,020 "
Spartanburg County,"$291,960 "
Sumter County,"$215,590 "
Union County,"$118,620 "
Williamsburg County,"$111,480 "
York County,"$428,310 "
Aurora County,"$155,120 "
Beadle County,"$174,350 "
Bennett County,"$168,960 "
Bon Homme County,"$134,580 "
Brookings County,"$292,770 "
Brown County,"$248,920 "
Brule County,"$236,400 "
Buffalo County,"$128,610 "
Butte County,"$233,050 "
Campbell County,"$104,730 "
Charles Mix County,"$197,070 "
Clark County,"$169,100 "
Clay County,"$260,720 "
Codington County,"$264,950 "
Corson County,"$84,040 "
Custer County,"$372,150 "
Davison County,"$228,090 "
Day County,"$175,800 "
Deuel County,"$220,670 "
Dewey County,"$94,680 "
Douglas County,"$152,790 "
Edmunds County,"$166,770 "
Fall River County,"$198,670 "
Faulk County,"$137,060 "
Grant County,"$203,620 "
Gregory County,"$132,980 "
Haakon County,"$185,270 "
Hamlin County,"$243,970 "
Hand County,"$182,070 "
Hanson County,"$220,810 "
Harding County,"$142,890 "
Hughes County,"$271,790 "
Hutchinson County,"$174,350 "
Hyde County,"$149,000 "
Jackson County,"$145,650 "
Jerauld County,"$152,210 "
Jones County,"$116,380 "
Kingsbury County,"$181,340 "
Lake County,"$251,550 "
Lawrence County,"$345,490 "
Lincoln County,"$389,960 "
Lyman County,"$178,860 "
McCook County,"$222,310 "
McPherson County,"$99,630 "
Marshall County,"$192,990 "
Meade County,"$309,720 "
Melette County,"$75,300 "
Miner County,"$120,460 "
Minnehaha County,"$338,550 "
Moody County,"$237,420 "
Pennington County,"$374,370 "
Perkins County,"$147,400 "
Potter County,"$162,260 "
Roberts County,"$166,480 "
Sanborn County,"$157,450 "
Spink County,"$148,570 "
Stanley County,"$231,880 "
Sully County,"$197,800 "
Todd County,"$41,800 "
Tripp County,"$156,870 "
Turner County,"$201,150 "
Union County,"$292,950 "
Walworth County,"$146,670 "
Yankton County,"$242,810 "
Ziebach County,"$113,610 "
Anderson County,"$299,730 "
Bedford County,"$275,860 "
Benton County,"$141,380 "
Bledsoe County,"$217,130 "
Blount County,"$384,130 "
Bradley County,"$337,450 "
Campbell County,"$194,440 "
Cannon County,"$267,160 "
Carroll County,"$151,190 "
Carter County,"$202,670 "
Cheatham County,"$315,630 "
Chester County,"$199,610 "
Claiborne County,"$180,790 "
Clay County,"$186,920 "
Cocke County,"$184,160 "
Coffee County,"$261,900 "
Crockett County,"$158,860 "
Cumberland County,"$258,840 "
Davidson County,"$508,930 "
Decatur County,"$161,470 "
DeKalb County,"$243,040 "
Dickson County,"$291,540 "
Dyer County,"$184,770 "
Fayette County,"$314,980 "
Fentress County,"$169,590 "
Franklin County,"$246,880 "
Gibson County,"$173,730 "
Giles County,"$231,390 "
Grainger County,"$210,660 "
Greene County,"$259,450 "
Grundy County,"$161,010 "
Hamblen County,"$233,380 "
Hamilton County,"$390,540 "
Hancock County,"$151,040 "
Hardeman County,"$145,830 "
Hardin County,"$182,780 "
Hawkins County,"$204,160 "
Haywood County,"$166,830 "
Henderson County,"$176,340 "
Henry County,"$169,590 "
Hickman County,"$189,670 "
Houston County,"$196,890 "
Humphreys County,"$214,060 "
Jackson County,"$183,700 "
Jefferson County,"$262,920 "
Johnson County,"$205,020 "
Knox County,"$410,350 "
Lake County,"$151,040 "
Lauderdale County,"$147,050 "
Lawrence County,"$192,750 "
Lewis County,"$174,810 "
Lincoln County,"$240,900 "
Loudon County,"$380,610 "
McMinn County,"$228,020 "
McNairy County,"$170,210 "
Macon County,"$201,570 "
Madison County,"$270,220 "
Marion County,"$197,330 "
Marshall County,"$268,650 "
Maury County,"$462,010 "
Meigs County,"$235,380 "
Monroe County,"$235,680 "
Montgomery County,"$330,220 "
Moore County,"$336,270 "
Morgan County,"$159,930 "
Obion County,"$157,330 "
Overton County,"$210,230 "
Perry County,"$159,930 "
Pickett County,"$209,770 "
Polk County,"$192,030 "
Putnam County,"$329,070 "
Rhea County,"$215,750 "
Roane County,"$249,790 "
Robertson County,"$394,140 "
Rutherford County,"$444,790 "
Scott County,"$156,710 "
Sequatchie County,"$231,610 "
Sevier County,"$359,740 "
Shelby County,"$286,870 "
Smith County,"$250,910 "
Stewart County,"$215,400 "
Sullivan County,"$253,240 "
Sumner County,"$478,310 "
Tipton County,"$226,080 "
Trousdale County,"$258,600 "
Unicoi County,"$209,710 "
Union County,"$230,830 "
Van Buren County,"$164,070 "
Warren County,"$189,680 "
Washington County,"$337,430 "
Wayne County,"$174,810 "
Weakley County,"$153,030 "
White County,"$210,540 "
Williamson County,"$895,960 "
Wilson County,"$513,000 "
Anderson County,"$167,890 "
Andrews County,"$219,500 "
Angelina County,"$190,750 "
Aransas County,"$243,930 "
Archer County,"$207,690 "
Armstrong County,"$204,230 "
Atascosa County,"$155,480 "
Austin County,"$282,920 "
Bailey County,"$130,720 "
Bandera County,"$295,410 "
Bastrop County,"$325,180 "
Baylor County,"$103,650 "
Bee County,"$130,720 "
Bell County,"$293,240 "
Bexar County,"$296,210 "
Blanco County,"$402,400 "
Borden County,"$200,990 "
Bosque County,"$193,280 "
Bowie County,"$179,870 "
Brazoria County,"$342,400 "
Brazos County,"$367,980 "
Brewster County,"$254,850 "
Briscoe County,"$101,130 "
Brooks County,"$98,320 "
Brown County,"$159,890 "
Burleson County,"$169,870 "
Burnet County,"$322,030 "
Caldwell County,"$215,020 "
Calhoun County,"$171,660 "
Callahan County,"$145,800 "
Cameron County,"$155,200 "
Camp County,"$178,550 "
Carson County,"$134,000 "
Cass County,"$135,910 "
Castro County,"$121,040 "
Chambers County,"$323,780 "
Cherokee County,"$168,870 "
Childress County,"$141,100 "
Clay County,"$167,030 "
Cochran County,"$62,560 "
Coke County,"$115,570 "
Coleman County,"$116,980 "
Collin County,"$559,780 "
Collingsworth County,"$91,590 "
Colorado County,"$226,100 "
Comal County,"$495,700 "
Comanche County,"$149,230 "
Concho County,"$120,060 "
Cooke County,"$241,950 "
Coryell County,"$220,360 "
Cottle County,"$72,930 "
Crane County,"$148,810 "
Crockett County,"$169,990 "
Crosby County,"$81,210 "
Culberson County,"$93,550 "
Dallam County,"$142,920 "
Dallas County,"$354,010 "
Dawson County,"$116,130 "
Deaf Smith County,"$128,620 "
Delta County,"$180,550 "
Denton County,"$512,440 "
DeWitt County,"$202,950 "
Dickens County,"$83,310 "
Dimmit County,"$80,930 "
Donley County,"$94,110 "
Duval County,"$105,470 "
Eastland County,"$115,990 "
Ector County,"$198,960 "
Edwards County,"$98,600 "
Ellis County,"$393,970 "
El Paso County,"$214,920 "
Erath County,"$247,700 "
Falls County,"$112,770 "
Fannin County,"$221,610 "
Fayette County,"$297,210 "
Fisher County,"$94,110 "
Floyd County,"$106,460 "
Foard County,"$73,920 "
Fort Bend County,"$427,330 "
Franklin County,"$220,490 "
Freestone County,"$191,030 "
Frio County,"$140,960 "
Gaines County,"$191,310 "
Galveston County,"$362,490 "
Garza County,"$110,660 "
Gillespie County,"$455,420 "
Glasscock County,"$284,860 "
Goliad County,"$206,650 "
Gonzales County,"$164,240 "
Gray County,"$115,150 "
Grayson County,"$327,100 "
Gregg County,"$239,450 "
Grimes County,"$255,970 "
Guadalupe County,"$326,930 "
Hale County,"$116,690 "
Hall County,"$87,660 "
Hamilton County,"$171,260 "
Hansford County,"$144,330 "
Hardeman County,"$80,930 "
Hardin County,"$185,320 "
Harris County,"$311,450 "
Harrison County,"$223,430 "
Hartley County,"$254,710 "
Haskell County,"$83,730 "
Hays County,"$456,580 "
Hemphill County,"$262,560 "
Henderson County,"$213,470 "
Hidalgo County,"$155,100 "
Hill County,"$160,740 "
Hockley County,"$138,290 "
Hood County,"$307,590 "
Hopkins County,"$200,010 "
Houston County,"$165,650 "
Howard County,"$169,990 "
Hudspeth County,"$74,060 "
Hunt County,"$275,920 "
Hutchinson County,"$120,900 "
Irion County,"$152,330 "
Jack County,"$141,240 "
Jackson County,"$161,440 "
Jasper County,"$149,520 "
Jeff Davis County,"$212,070 "
Jefferson County,"$194,470 "
Jim Hogg County,"$123,430 "
Jim Wells County,"$109,400 "
Johnson County,"$319,570 "
Jones County,"$102,940 "
Karnes County,"$156,950 "
Kaufman County,"$376,540 "
Kendall County,"$527,490 "
Kent County,"$128,200 "
Kerr County,"$297,770 "
Kimble County,"$184,720 "
King County,"$31,700 "
Kinney County,"$138,580 "
Kleberg County,"$137,450 "
Knox County,"$65,920 "
Lamar County,"$171,260 "
Lamb County,"$92,850 "
Lampasas County,"$251,530 "
La Salle County,"$116,410 "
Lavaca County,"$248,120 "
Lee County,"$265,650 "
Leon County,"$176,450 "
Liberty County,"$204,020 "
Limestone County,"$163,120 "
Lipscomb County,"$154,420 "
Live Oak County,"$164,800 "
Llano County,"$345,880 "
Lubbock County,"$235,880 "
Lynn County,"$132,260 "
McCulloch County,"$121,180 "
McLennan County,"$258,510 "
McMullen County,"$125,250 "
Madison County,"$164,380 "
Marion County,"$137,730 "
Martin County,"$206,600 "
Mason County,"$331,850 "
Matagorda County,"$190,750 "
Maverick County,"$152,600 "
Medina County,"$221,490 "
Menard County,"$115,850 "
Midland County,"$318,480 "
Milam County,"$176,870 "
Mills County,"$223,990 "
Mitchell County,"$96,500 "
Montague County,"$194,680 "
Montgomery County,"$393,700 "
Moore County,"$161,720 "
Morris County,"$137,030 "
Motley County,"$82,750 "
Nacogdoches County,"$197,620 "
Navarro County,"$162,420 "
Newton County,"$114,450 "
Nolan County,"$109,820 "
Nueces County,"$223,090 "
Ochiltree County,"$153,160 "
Oldham County,"$147,130 "
Orange County,"$201,310 "
Palo Pinto County,"$178,970 "
Panola County,"$169,290 "
Parker County,"$471,630 "
Parmer County,"$149,230 "
Pecos County,"$158,630 "
Polk County,"$177,010 "
Potter County,"$142,560 "
Presidio County,"$101,130 "
Rains County,"$215,720 "
Randall County,"$265,760 "
Reagan County,"$145,170 "
Real County,"$270,000 "
Red River County,"$140,820 "
Reeves County,"$137,310 "
Refugio County,"$118,380 "
Roberts County,"$197,200 "
Robertson County,"$165,910 "
Rockwall County,"$501,250 "
Runnels County,"$119,500 "
Rusk County,"$188,790 "
Sabine County,"$160,320 "
San Augustine County,"$101,270 "
San Jacinto County,"$181,110 "
San Patricio County,"$218,740 "
San Saba County,"$169,850 "
Schleicher County,"$125,250 "
Scurry County,"$133,110 "
Shackelford County,"$214,740 "
Shelby County,"$122,310 "
Sherman County,"$133,670 "
Smith County,"$290,550 "
Somervell County,"$315,160 "
Starr County,"$114,590 "
Stephens County,"$116,130 "
Sterling County,"$110,660 "
Stonewall County,"$77,560 "
Sutton County,"$181,770 "
Swisher County,"$109,820 "
Tarrant County,"$380,220 "
Taylor County,"$207,570 "
Terrell County,"$132,960 "
Terry County,"$119,500 "
Throckmorton County,"$88,080 "
Titus County,"$146,990 "
Tom Green County,"$219,430 "
Travis County,"$598,600 "
Trinity County,"$129,740 "
Tyler County,"$152,740 "
Upshur County,"$214,960 "
Upton County,"$120,900 "
Uvalde County,"$142,080 "
Val Verde County,"$159,750 "
Van Zandt County,"$224,830 "
Victoria County,"$248,960 "
Walker County,"$288,790 "
Waller County,"$323,780 "
Ward County,"$144,330 "
Washington County,"$306,040 "
Webb County,"$195,790 "
Wharton County,"$219,220 "
Wheeler County,"$119,920 "
Wichita County,"$177,940 "
Wilbarger County,"$106,880 "
Willacy County,"$86,960 "
Williamson County,"$511,530 "
Wilson County,"$310,030 "
Winkler County,"$122,590 "
Wise County,"$348,760 "
Wood County,"$215,860 "
Yoakum County,"$217,400 "
Young County,"$190,050 "
Zapata County,"$116,130 "
Zavala County,"$88,780 "
Beaver County,"$323,440 "
Box Elder County,"$365,790 "
Cache County,"$516,630 "
Carbon County,"$228,960 "
Daggett County,"$268,390 "
Davis County,"$588,690 "
Duchesne County,"$284,600 "
Emery County,"$218,890 "
Garfield County,"$287,520 "
Grand County,"$491,660 "
Iron County,"$362,280 "
Juab County,"$384,180 "
Kane County,"$351,910 "
Millard County,"$265,910 "
Morgan County,"$612,720 "
Piute County,"$297,010 "
Rich County,"$331,910 "
Salt Lake County,"$612,400 "
San Juan County,"$201,070 "
Sanpete County,"$323,000 "
Sevier County,"$293,800 "
Summit County,"$998,780 "
Tooele County,"$508,430 "
Uintah County,"$303,290 "
Utah County,"$626,770 "
Wasatch County,"$716,240 "
Washington County,"$628,700 "
Wayne County,"$369,870 "
Weber County,"$490,010 "
Addison County,"$412,640 "
Bennington County,"$326,760 "
Caledonia County,"$263,630 "
Chittenden County,"$538,170 "
Essex County,"$198,540 "
Franklin County,"$329,790 "
Grand Isle County,"$429,710 "
Lamoille County,"$364,770 "
Orange County,"$304,170 "
Orleans County,"$259,740 "
Rutland County,"$265,420 "
Washington County,"$366,110 "
Windham County,"$332,450 "
Windsor County,"$338,580 "
Accomack County,"$238,810 "
Albemarle County,"$513,980 "
Alleghany County,"$163,160 "
Amelia County,"$294,330 "
Amherst County,"$230,550 "
Appomattox County,"$226,890 "
Arlington County,"$963,630 "
Augusta County,"$372,570 "
Bath County,"$242,580 "
Bedford County,"$388,610 "
Bland County,"$165,250 "
Botetourt County,"$346,750 "
Brunswick County,"$160,370 "
Buchanan County,"$100,040 "
Buckingham County,"$191,020 "
Campbell County,"$225,620 "
Caroline County,"$321,730 "
Carroll County,"$163,580 "
Charles City County,"$246,340 "
Charlotte County,"$173,470 "
Chesterfield County,"$437,870 "
Clarke County,"$495,170 "
Craig County,"$252,270 "
Culpeper County,"$457,290 "
Cumberland County,"$241,510 "
Dickenson County,"$114,250 "
Dinwiddie County,"$272,320 "
Essex County,"$296,920 "
Fairfax County,"$799,690 "
Fauquier County,"$593,590 "
Floyd County,"$244,530 "
Fluvanna County,"$315,600 "
Franklin County,"$259,270 "
Frederick County,"$451,180 "
Giles County,"$177,840 "
Gloucester County,"$325,940 "
Goochland County,"$571,190 "
Grayson County,"$159,810 "
Greene County,"$339,920 "
Greensville County,"$164,550 "
Halifax County,"$167,620 "
Hanover County,"$488,980 "
Henrico County,"$420,120 "
Henry County,"$137,380 "
Highland County,"$231,850 "
Isle of Wight County,"$397,830 "
James City County,"$522,760 "
King and Queen County,"$297,020 "
King George County,"$456,310 "
King William County,"$308,950 "
Lancaster County,"$336,350 "
Lee County,"$120,100 "
Loudoun County,"$801,670 "
Louisa County,"$339,760 "
Lunenburg County,"$162,460 "
Madison County,"$388,320 "
Mathews County,"$381,400 "
Mecklenburg County,"$203,700 "
Middlesex County,"$369,510 "
Montgomery County,"$343,840 "
Nelson County,"$322,340 "
New Kent County,"$438,720 "
Northampton County,"$267,380 "
Northumberland County,"$393,750 "
Nottoway County,"$218,190 "
Orange County,"$379,260 "
Page County,"$243,830 "
Patrick County,"$165,530 "
Powhatan County,"$439,010 "
Prince Edward County,"$224,050 "
Prince George County,"$327,980 "
Prince William County,"$565,520 "
Pulaski County,"$216,810 "
Rappahannock County,"$597,590 "
Richmond County,"$272,530 "
Roanoke County,"$360,040 "
Rockbridge County,"$291,900 "
Rockingham County,"$371,830 "
Russell County,"$135,990 "
Scott County,"$163,240 "
Shenandoah County,"$311,550 "
Smyth County,"$150,620 "
Southampton County,"$255,120 "
Spotsylvania County,"$432,240 "
Stafford County,"$540,920 "
Surry County,"$278,950 "
Sussex County,"$184,010 "
Tazewell County,"$141,700 "
Warren County,"$322,820 "
Washington County,"$246,440 "
Westmoreland County,"$294,270 "
Wise County,"$132,090 "
Wythe County,"$184,480 "
York County,"$490,860 "
Alexandria city,"$779,540 "
Bristol city,"$209,900 "
Buena Vista city,"$171,520 "
Charlottesville city,"$470,230 "
Chesapeake city,"$431,620 "
Colonial Heights city,"$268,200 "
Covington city,"$97,250 "
Emporia city,"$145,600 "
Fairfax city,"$737,870 "
Falls Church city,"$1,036,460 "
Franklin city,"$249,130 "
Fredericksburg city,"$472,790 "
Galax city,"$139,330 "
Hampton city,"$285,280 "
Harrisonburg city,"$311,280 "
Hopewell city,"$180,740 "
Lexington city,"$350,420 "
Lynchburg city,"$247,160 "
Manassas city,"$440,770 "
Manassas Park city,"$408,250 "
Martinsville city,"$108,120 "
Newport News city,"$305,880 "
Norfolk city,"$336,980 "
Norton city,"$134,040 "
Petersburg city,"$169,240 "
Poquoson city,"$482,910 "
Portsmouth city,"$298,200 "
Radford city,"$232,370 "
Richmond city,"$442,560 "
Roanoke city,"$228,690 "
Salem city,"$294,290 "
Staunton city,"$250,660 "
Suffolk city,"$406,850 "
Virginia Beach city,"$442,260 "
Waynesboro city,"$262,500 "
Williamsburg city,"$442,520 "
Winchester city,"$364,690 "
Adams County,"$239,530 "
Asotin County,"$309,850 "
Benton County,"$464,980 "
Chelan County,"$549,630 "
Clallam County,"$499,150 "
Clark County,"$558,880 "
Columbia County,"$283,140 "
Cowlitz County,"$444,520 "
Douglas County,"$385,450 "
Ferry County,"$279,310 "
Franklin County,"$432,220 "
Garfield County,"$223,940 "
Grant County,"$375,560 "
Grays Harbor County,"$370,640 "
Island County,"$643,110 "
Jefferson County,"$532,780 "
King County,"$982,130 "
Kitsap County,"$623,150 "
Kittitas County,"$482,470 "
Klickitat County,"$426,690 "
Lewis County,"$451,840 "
Lincoln County,"$253,330 "
Mason County,"$493,130 "
Okanogan County,"$298,180 "
Pacific County,"$293,800 "
Pend Oreille County,"$358,060 "
Pierce County,"$608,050 "
San Juan County,"$782,830 "
Skagit County,"$654,750 "
Skamania County,"$452,020 "
Snohomish County,"$801,830 "
Spokane County,"$475,390 "
Stevens County,"$321,830 "
Thurston County,"$552,470 "
Wahkiakum County,"$317,860 "
Walla Walla County,"$379,110 "
Whatcom County,"$674,940 "
Whitman County,"$335,090 "
Yakima County,"$338,930 "
Barbour County,"$143,040 "
Berkeley County,"$317,840 "
Boone County,"$97,510 "
Braxton County,"$119,020 "
Brooke County,"$130,880 "
Cabell County,"$189,680 "
Calhoun County,"$139,140 "
Clay County,"$106,760 "
Doddridge County,"$182,350 "
Fayette County,"$128,410 "
Gilmer County,"$110,030 "
Grant County,"$184,360 "
Greenbrier County,"$172,960 "
Hampshire County,"$212,640 "
Hancock County,"$136,900 "
Hardy County,"$189,860 "
Harrison County,"$165,180 "
Jackson County,"$184,900 "
Jefferson County,"$342,110 "
Kanawha County,"$159,100 "
Lewis County,"$160,610 "
Lincoln County,"$100,910 "
Logan County,"$123,580 "
McDowell County,"$58,640 "
Marion County,"$168,130 "
Marshall County,"$144,790 "
Mason County,"$145,850 "
Mercer County,"$139,680 "
Mineral County,"$178,640 "
Mingo County,"$111,370 "
Monongalia County,"$306,670 "
Monroe County,"$165,440 "
Morgan County,"$268,840 "
Nicholas County,"$125,730 "
Ohio County,"$167,720 "
Pendleton County,"$181,950 "
Pocahontas County,"$174,700 "
Preston County,"$163,960 "
Putnam County,"$214,610 "
Raleigh County,"$169,600 "
Randolph County,"$155,780 "
Ritchie County,"$130,290 "
Roane County,"$143,840 "
Summers County,"$140,220 "
Taylor County,"$161,020 "
Tucker County,"$184,230 "
Tyler County,"$128,810 "
Upshur County,"$176,310 "
Wayne County,"$133,790 "
Webster County,"$101,840 "
Wetzel County,"$134,310 "
Wyoming County,"$101,310 "
Adams County,"$214,550 "
Ashland County,"$172,640 "
Barron County,"$233,710 "
Bayfield County,"$267,470 "
Brown County,"$345,450 "
Buffalo County,"$235,280 "
Burnett County,"$248,590 "
Calumet County,"$282,400 "
Chippewa County,"$276,300 "
Clark County,"$192,230 "
Columbia County,"$296,890 "
Crawford County,"$208,250 "
Dane County,"$471,900 "
Dodge County,"$274,050 "
Door County,"$346,280 "
Douglas County,"$219,300 "
Dunn County,"$258,310 "
Eau Claire County,"$323,930 "
Florence County,"$203,250 "
Fond du Lac County,"$270,290 "
Forest County,"$205,390 "
Grant County,"$224,130 "
Green County,"$264,460 "
Green Lake County,"$232,570 "
Iowa County,"$281,390 "
Iron County,"$180,360 "
Jackson County,"$221,840 "
Jefferson County,"$345,270 "
Juneau County,"$197,100 "
Kenosha County,"$313,270 "
Kewaunee County,"$252,470 "
La Crosse County,"$304,390 "
Lafayette County,"$214,970 "
Langlade County,"$177,070 "
Lincoln County,"$206,820 "
Manitowoc County,"$233,850 "
Marathon County,"$258,610 "
Marinette County,"$178,500 "
Marquette County,"$233,000 "
Menominee County,"$125,580 "
Milwaukee County,"$275,030 "
Monroe County,"$234,000 "
Oconto County,"$253,200 "
Oneida County,"$266,890 "
Outagamie County,"$322,440 "
Ozaukee County,"$464,540 "
Pepin County,"$220,120 "
Pierce County,"$299,630 "
Polk County,"$277,620 "
Portage County,"$271,900 "
Price County,"$179,360 "
Racine County,"$292,910 "
Richland County,"$212,690 "
Rock County,"$267,990 "
Rusk County,"$170,780 "
St. Croix County,"$381,960 "
Sauk County,"$310,380 "
Sawyer County,"$263,180 "
Shawano County,"$211,110 "
Sheboygan County,"$294,190 "
Taylor County,"$216,690 "
Trempealeau County,"$240,720 "
Vernon County,"$241,010 "
Vilas County,"$315,670 "
Walworth County,"$351,280 "
Washburn County,"$244,010 "
Washington County,"$395,850 "
Waukesha County,"$470,700 "
Waupaca County,"$228,280 "
Waushara County,"$224,990 "
Winnebago County,"$268,870 "
Wood County,"$226,850 "
Albany County,"$342,890 "
Big Horn County,"$220,360 "
Campbell County,"$319,710 "
Carbon County,"$261,020 "
Converse County,"$315,270 "
Crook County,"$355,240 "
Fremont County,"$288,070 "
Goshen County,"$265,460 "
Hot Springs County,"$248,110 "
Johnson County,"$354,540 "
Laramie County,"$361,740 "
Lincoln County,"$393,810 "
Natrona County,"$315,470 "
Niobrara County,"$253,800 "
Park County,"$403,250 "
Platte County,"$291,960 "
Sheridan County,"$402,140 "
Sublette County,"$429,480 "
Sweetwater County,"$301,530 "
Teton County,"$1,311,740 "
Uinta County,"$264,900 "
Washakie County,"$247,970 "
Weston County,"$242,140 "